"","x1","y1","x2","y2","x3","y3","x4","y4","x5","y5","x6","y6","x7","y7","x8","y8"
"1",1.1045,-3.0389,3.5997,13.5141,0.3984,0.1084,0.3984,0.3255,1.9942,17.2952,8.7789,13.6417,15.755,-2.7974,-2.4255,19.1169
"2",9.6488,30.0833,3.668,11.3927,3.5787,3.9084,3.5787,-3.615,1.9282,18.2703,2.4057,3.8618,17.3766,-2.8379,-4.0134,57.2861
"3",8.0094,33.007,0.7369,3.8891,-0.4057,0.8243,-0.4057,1.5198,1.6978,15.5451,3.3011,3.1467,10.7949,-3.0946,-0.233,13.1548
"4",4.3574,5.2814,1.2057,9.5523,8.5184,3.0568,8.5184,-13.8457,1.5896,16.8965,9.0955,8.9392,3.3973,-0.7096,1.3584,10.904
"5",7.691,19.0773,1.5633,4.2678,-1.6446,-2.9273,-1.6446,0.6318,1.779,17.5238,2.2997,1.1219,14.2675,-3.2501,-1.9084,8.4489
"6",7.3126,21.3429,1.1296,4.7844,0.6672,2.1855,0.6672,1.5066,1.5035,18.929,7.2267,11.7032,8.7713,-1.9714,0.5274,-4.6014
"7",8.9119,18.1771,-2.8532,-4.4547,1.8021,5.0345,1.8021,2.3921,1.842,14.7019,5.7624,5.744,4.1328,-0.1736,-1.4474,17.2078
"8",6.0441,18.0827,-0.0516,9.8018,3.3704,5.1724,3.3704,-0.9966,1.9606,15.9125,8.0235,10.0643,13.7798,-2.7969,-4.0212,54.6392
"9",9.716,40.2923,0.6846,-4.5587,-2.2418,-2.2474,-2.2418,3.9635,1.394,17.9407,3.0876,3.8712,1.6887,0.3392,0.4039,-0.7094
"10",8.3045,23.575,4.7977,19.5482,7.8991,8.3715,7.8991,-8.0033,1.9646,13.8538,3.122,2.144,13.6967,-3.4294,1.9627,8.589
"11",3.3461,0.7868,2.335,2.7902,-2.7649,-9.6535,-2.7649,-3.1018,1.3053,15.3437,0.7928,-0.2658,1.0842,0.8171,1.8364,6.285
"12",4.8524,10.4241,-1.3475,2.9197,-1.5471,-0.6025,-1.5471,1.9234,1.0001,8.6669,7.5526,6.0288,7.6547,-1.7931,-1.4648,25.7779
"13",0.4302,6.6584,2.9235,1.848,-1.4804,-7.0745,-1.4804,-3.1395,1.5098,16.6428,0.7068,1.2659,14.6946,-3.3102,-3.2863,17.8273
"14",2.5669,-1.9887,-1.5053,1.4421,1.5394,4.9939,1.5394,2.0751,1.8753,15.7397,4.8304,5.1994,14.5551,-3.2659,-2.0091,8.0169
"15",3.4893,4.6018,-1.3759,-2.6935,6.5834,5.238,6.5834,-8.0255,1.2465,14.2724,4.1292,8.2087,14.7659,-3.2717,-3.719,40.5938
"16",1.3013,6.2905,-1.4,-5.3395,6.6679,-1.8745,6.6679,-14.7904,1.5521,16.2361,9.687,12.1557,3.2507,0.2899,-3.7616,55.663
"17",7.5457,25.104,-0.2265,-2.748,-1.413,-3.6992,-1.413,0.4995,1.1467,12.4874,1.2147,2.5869,18.0678,-3.408,-0.4802,-4.0459
"18",4.9673,13.0283,-0.409,0.9947,-2.6274,-9.1229,-2.6274,-3.271,1.2589,14.0983,8.7426,10.3132,2.8663,0.2941,-0.0579,7.4526
"19",1.7004,3.2634,-2.6998,-1.3662,-1.8818,-8.3655,-1.8818,-6.2046,1.2415,15.4445,8.5502,14.0093,9.8226,-2.8834,-4.3712,57.4953
"20",3.0851,11.1692,3.8034,21.8441,-0.0224,-0.8538,-0.0224,-0.4738,1.7296,16.1991,5.4479,2.0966,11.8174,-3.2885,-4.2855,65.9919
"21",2.5486,1.7369,3.9816,21.9788,4.6274,1.0753,4.6274,-9.2095,1.8041,19.2482,7.3283,8.6582,10.6624,-3.013,-0.7792,-17.0866
"22",1.876,-4.7394,3.0008,0.7571,-0.2704,-2.2106,-0.2704,-2.2727,1.7912,15.2161,9.3795,12.2948,19.8944,-3.1437,-4.7115,63.6268
"23",2.3461,2.7894,-1.5841,-2.2258,6.6909,2.6283,6.6909,-10.438,1.4643,15.6084,3.3938,3.643,8.8806,-3.0414,-1.9082,1.1973
"24",8.4547,22.0171,-1.0115,6.2388,7.0725,-3.2339,7.0725,-15.7922,1.1253,12.4512,2.0602,2.264,10.3123,-2.8529,-1.1051,7.3171
"25",2.5255,10.2305,-1.04,2.6252,2.351,5.3794,2.351,-0.2032,1.2492,13.4655,0.3244,2.3695,11.3337,-3.4459,-2.495,30.2846
"26",0.7701,-6.8291,-2.4273,0.3642,1.876,7.7184,1.876,2.749,1.8827,18.1389,8.6796,9.9033,19.7883,-2.477,-0.3371,-4.3741
"27",1.0204,8.4216,4.8149,21.0964,4.0787,10.2546,4.0787,2.4509,1.2874,15.4215,1.2562,0.036,17.4662,-2.6128,1.3686,20.1958
"28",8.5888,21.8117,3.5123,20.0967,2.6221,6.9085,2.6221,2.6872,1.6718,15.3982,4.2101,2.1046,19.7225,-3.269,-1.36,11.2342
"29",1.7237,2.1515,2.6921,0.7929,1.1331,1.836,1.1331,-0.4494,1.1133,12.8816,3.3057,3.0125,16.91,-3.0742,1.6649,-0.133
"30",4.4363,11.9268,0.9664,-3.7017,7.3962,6.3271,7.3962,-9.2044,1.0138,10.2563,8.1895,11.7601,12.2857,-3.2347,0.6162,-4.3254
"31",2.2058,7.2867,4.4866,21.1798,-0.2993,-7.288,-0.2993,-5.8322,1.0436,8.8904,2.9803,2.4476,15.939,-3.8209,-2.5178,25.3608
"32",9.1937,29.7374,4.5627,32.9172,-2.8164,-6.5624,-2.8164,0.8993,1.5269,16.1683,4.6071,4.0036,8.4232,-2.9439,-3.241,18.4023
"33",1.8582,10.2278,-2.8128,-4.0383,8.5006,10.2191,8.5006,-7.2059,1.1282,12.2738,1.7356,3.695,5.8597,-1.5465,-3.3964,20.7426
"34",6.3091,11.0654,-2.3959,0.0656,4.1599,2.6735,4.1599,-4.702,1.9861,17.2033,7.3112,5.1673,9.9848,-3.0172,-3.439,27.0398
"35",8.1655,28.2868,-0.8695,-1.5096,0.9453,5.729,0.9453,3.622,1.0227,9.2484,0.5237,1.9498,7.6051,-2.4146,-4.6639,50.6384
"36",8.9809,21.5684,-1.1483,-0.5099,1.9312,1.2201,1.9312,-2.6483,1.5135,17.4966,2.9472,2.8005,5.7344,-1.273,-0.4749,-4.1154
"37",4.7926,1.6361,-0.2491,6.5509,-0.4749,1.7732,-0.4749,5.765,1.2864,13.5217,7.151,5.4486,7.2412,-1.7173,-3.8064,43.0438
"38",3.8869,8.9628,4.2156,21.1157,5.9215,3.5064,5.9215,-9.0814,1.613,19.401,4.8413,6.0817,19.2742,-3.3015,-3.6007,38.4186
"39",1.4573,2.8434,4.4975,32.7102,2.9616,6.7306,2.9616,1.7559,1.2201,13.4679,9.2955,12.0502,3.4323,-0.211,-0.1717,-3.5672
"40",9.6247,29.4244,0.3348,-5.6227,-1.7935,0.4419,-1.7935,2.7028,1.5487,16.559,4.832,4.9535,7.0117,-1.7033,-3.3689,26.6042
"41",4.8499,13.6942,1.3698,-0.2233,0.7264,-0.2148,0.7264,-0.4801,1.299,15.6457,8.7665,8.1039,10.34,-3.3038,-2.6474,28.148
"42",7.5417,19.6094,4.2135,19.9705,6.0253,5.7287,6.0253,-6.7385,1.4951,15.7059,3.9231,1.5625,15.9358,-3.028,-4.5969,54.3054
"43",5.6082,19.2819,-0.6583,7.9902,1.5379,0.7802,1.5379,-0.9768,1.463,18.1661,6.1285,3.5219,9.1804,-2.4003,1.9394,4.9531
"44",1.3458,2.8117,1.8636,3.2665,-1.6264,-5.026,-1.6264,-2.3266,1.32,12.4484,6.072,1.8192,18.7124,-3.0636,-0.242,7.9202
"45",2.5499,2.5325,4.2164,16.4553,8.0662,3.5948,8.0662,-12.9132,1.5098,16.5529,8.5957,8.8089,7.4831,-2.159,1.4035,2.8625
"46",4.295,8.2672,0.9195,3.0072,2.993,4.0931,2.993,-0.2579,1.3371,16.0316,3.6391,4.4065,13.657,-3.4502,-0.4486,-1.4988
"47",8.846,23.8342,-2.8701,0.4697,3.7084,2.944,3.7084,-3.4318,1.9685,16.0344,3.4352,0.1742,4.1141,-0.2398,0.0477,9.1372
"48",4.969,12.0649,-1.8724,0.6545,-2.7713,-6.8794,-2.7713,0.4595,1.6326,18.2223,2.69,3.4944,7.2891,-1.6173,-4.8642,60.0348
"49",8.4422,32.5024,3.0851,15.9067,7.8662,4.4275,7.8662,-11.9298,1.7305,16.652,7.0344,5.3919,16.0974,-3.3254,-1.147,16.0565
"50",9.8208,35.1497,-0.1079,-1.7343,7.5506,7.0024,7.5506,-8.104,1.052,10.3811,7.7818,4.666,18.8118,-2.9614,1.891,4.308
"51",0.0833,4.8721,0.1351,6.6044,3.5999,4.5178,3.5999,-1.7262,1.8433,16.0013,7.5616,9.4565,11.8085,-3.1378,-2.2829,10.9311
"52",8.4458,11.7928,-0.2629,-2.3439,4.1229,-2.2486,4.1229,-9.666,1.0314,8.7239,5.6845,4.3994,14.5143,-2.529,1.6535,7.9713
"53",3.4826,1.4431,0.4327,-2.0387,-0.5366,0.9939,-0.5366,0.6984,1.096,8.7766,0.8329,1.5644,6.4901,-0.8828,1.0739,-5.3347
"54",6.9567,23.4044,-0.4103,2.9546,5.2639,3.7594,5.2639,-7.1629,1.6766,14.7559,4.6684,5.5571,15.234,-3.257,0.8862,-2.949
"55",2.0249,5.9101,2.9606,7.5003,-0.6671,-6.3856,-0.6671,-6.4671,1.2811,15.1703,6.1853,7.8679,16.2939,-3.0768,-3.7053,35.4709
"56",3.5938,6.6767,-1.9048,-1.8925,4.4208,5.5122,4.4208,-3.016,1.178,12.806,6.8385,7.8637,16.5377,-3.1875,0.4876,-5.7677
"57",1.9581,2.5624,4.3125,16.3448,1.0125,1.6049,1.0125,-0.1269,1.4413,17.9448,8.0019,6.2641,10.3584,-3.4812,-4.7296,61.9926
"58",7.0229,23.2764,2.8324,-1.4347,5.986,2.5653,5.986,-8.4138,1.4957,16.6864,2.548,2.542,5.4346,-1.5527,1.7342,9.1961
"59",1.7373,-4.4273,4.0691,18.7196,1.8117,4.9812,1.8117,0.549,1.9936,14.4707,2.0882,2.6184,11.9491,-3.6495,1.4044,10.1472
"60",8.1638,22.8829,-0.7742,-2.3525,7.3989,9.3543,7.3989,-5.3058,1.9283,16.2384,7.0584,6.5838,14.2762,-3.4348,-3.1135,43.3791
"61",3.7227,15.2535,-1.0737,5.3551,6.9677,6.6778,6.9677,-7.6758,1.0378,9.2824,8.8863,9.3869,15.4606,-3.2661,-4.4272,54.4145
"62",4.0964,3.9934,-2.1682,-0.2974,-0.8459,-4.0472,-0.8459,-2.5123,1.257,16.5232,8.0258,7.9195,19.1829,-3.2801,-2.0124,11.6343
"63",7.9044,23.9271,3.6127,16.7084,0.7893,4.2836,0.7893,2.2195,1.843,17.5473,0.639,0.7474,16.7628,-3.1908,0.8152,-11.7358
"64",0.8321,-1.159,3.3164,8.6403,9.9909,11.5159,9.9909,-9.2635,1.0494,12.474,3.7594,2.2704,4.5564,-0.5865,1.9671,14.7722
"65",4.7781,16.5499,-1.7358,-3.8169,8.9641,13.815,8.9641,-5.7134,1.7841,16.1307,1.2786,3.1316,12.1076,-2.8946,0.6824,-2.4213
"66",6.4026,16.8532,-2.2598,-2.642,3.263,7.4969,3.263,1.8651,1.2249,15.1513,7.0233,7.5137,9.6562,-2.878,-0.1093,9.5383
"67",8.5506,17.6436,1.8226,14.6008,1.8349,10.7663,1.8349,7.9243,1.0749,10.0988,0.4361,1.7227,16.1603,-2.7011,0.5119,-2.6584
"68",5.3286,6.6782,2.6726,-3.1815,6.5597,4.3861,6.5597,-9.0163,1.8192,16.2998,4.1888,1.6036,13.2085,-3.0514,-4.4503,62.1665
"69",1.9396,1.6039,3.9668,19.8655,-0.6014,-8.2994,-0.6014,-7.1707,1.1401,13.0931,6.8616,2.969,3.4387,-0.4939,1.3527,13.9502
"70",7.1618,14.3757,3.0184,1.6467,1.4767,4.3567,1.4767,1.4423,1.4876,17.363,7.0418,7.3605,7.3826,-2.3781,0.0164,14.378
"71",6.3416,6.3728,1.3233,1.1311,0.8724,-0.1063,0.8724,-3.1506,1.3473,16.2365,0.8539,2.3307,17.8116,-3.3028,-4.3459,61.9578
"72",9.1472,25.6292,-0.8031,9.2371,-2.0307,-1.9524,-2.0307,2.0612,1.0722,11.3109,0.8096,-1.6319,16.1122,-2.5864,-1.6338,7.8112
"73",2.2444,3.0648,-1.9302,-2.674,0.4687,2.4592,0.4687,3.4078,1.4624,16.7814,4.2064,4.1568,1.4923,0.4613,1.9666,13.7463
"74",4.7531,7.5294,3.5799,11.4078,0.6204,-1.7777,0.6204,-2.8313,1.0182,8.5332,8.9012,15.5398,4.789,-0.9094,-4.5538,63.33
"75",0.6533,-5.2908,-1.844,7.3499,-1.727,-2.5295,-1.727,0.0053,1.2965,13.0744,7.5701,4.8821,13.5975,-2.9374,0.7735,-2.2888
"76",6.102,13.7655,-1.0026,5.0835,1.9244,6.8275,1.9244,4.2805,1.314,14.6829,1.3791,2.1389,12.5752,-3.4478,-0.1971,5.5981
"77",6.381,17.2181,-2.9551,3.2792,-2.1579,-3.8628,-2.1579,1.2852,1.2057,14.4768,3.392,4.0296,2.3172,-0.0471,-4.975,65.4913
"78",9.7702,31.0981,2.6594,13.7693,8.6534,12.3698,8.6534,-3.4926,1.7227,16.5962,0.8852,-2.3739,5.6032,-1.2101,-3.514,21.8492
"79",6.3601,16.6855,-2.3736,-3.6584,3.8268,5.5696,3.8268,-2.1117,1.0572,8.4282,7.1543,2.7859,1.6378,0.4887,-4.7577,56.3229
"80",6.9363,20.2898,-2.6477,10.1888,-0.1495,-4.1585,-0.1495,-1.0625,1.0281,10.7684,8.8158,11.3777,16.6308,-2.8175,-4.7969,56.8451
"81",4.2521,5.3053,3.5548,6.5774,5.5371,8.6278,5.5371,-1.4332,1.6109,15.4358,4.0706,1.4311,6.1895,-1.4381,0.0056,10.9861
"82",4.9585,23.6713,0.9913,3.6306,4.1411,-0.738,4.1411,-8.9676,1.6707,16.2889,4.4138,1.2686,2.3491,1.1279,-0.4179,2.2966
"83",2.9481,6.1329,4.1632,14.8554,7.3665,1.7536,7.3665,-12.4133,1.1814,13.7716,5.8217,2.9576,9.751,-2.6034,1.0532,7.212
"84",3.6,3.0132,-0.2805,-2.288,5.6794,6.5073,5.6794,-4.1207,1.6181,16.5152,1.4867,4.2384,15.5227,-2.8712,-2.0256,6.3191
"85",2.4107,9.7266,3.5634,7.555,8.52,7.0884,8.52,-12.2337,1.6704,17.0757,3.6663,1.7154,18.5095,-2.6944,-1.2223,22.1107
"86",7.1065,22.6189,1.1612,11.4429,0.6758,2.7774,0.6758,2.3029,1.5972,16.0169,1.3461,-0.5262,9.1075,-2.7615,-0.9478,8.5535
"87",0.5388,-0.4282,1.4905,9.8957,-2.7823,-4.7209,-2.7823,0.6313,1.0565,10.4394,8.4387,10.2151,15.3178,-2.8628,1.8277,13.177
"88",2.9526,8.5646,1.9621,3.5093,-1.5013,-5.9628,-1.5013,-2.2561,1.4613,16.7476,6.2503,4.8804,16.3353,-3.0238,-0.9873,-3.1787
"89",1.3326,0.6215,-2.8861,-9.5378,-0.0208,-0.886,-0.0208,0.204,1.0512,11.2248,3.7189,0.1756,18.1436,-2.6476,-2.5513,23.7942
"90",9.2909,25.8495,2.865,10.3124,9.6887,12.51,9.6887,-7.0111,1.854,18.9684,4.8751,5.7777,5.1261,-1.1769,-1.0226,-10.5908
"91",3.0654,16.9405,4.8076,28.7953,1.5676,3.7921,1.5676,0.9415,1.4528,13.5911,7.8663,6.3116,19.6501,-2.8749,-1.7785,4.8583
"92",4.7124,6.9416,-0.1027,0.7894,7.0493,10.0225,7.0493,-3.8976,1.323,14.0617,5.3435,9.4093,6.0396,-1.1465,-0.3563,10.9341
"93",6.2559,10.6721,4.3995,14.6459,9.4726,4.2479,9.4726,-15.9677,1.479,16.8839,6.201,3.5063,18.4044,-3.3972,-0.8664,-1.0799
"94",1.3753,-7.9144,-1.4323,-1.2696,-0.2222,4.2338,-0.2222,4.7627,1.2413,14.0408,8.4702,9.0481,17.8989,-2.8276,-4.9644,76.0067
"95",3.0503,3.6553,-2.557,-4.634,8.7917,3.7655,8.7917,-13.2318,1.8396,16.8075,6.9942,7.5227,15.6181,-2.8926,-3.1776,24.7417
"96",1.3697,6.7061,2.4779,-0.6644,-2.9173,-5.6248,-2.9173,-1.193,1.2883,14.8066,3.4409,3.9795,7.1549,-1.3384,0.6769,0.9302
"97",7.9388,20.1615,4.6138,18.8731,2.674,4.9611,2.674,0.7308,1.3363,16.6614,3.3611,5.0164,16.643,-3.1333,-0.3557,-0.2046
"98",8.0854,23.6463,2.7444,12.2474,-2.3022,1.6626,-2.3022,5.4883,1.0036,9.6619,2.1683,1.1691,16.5604,-2.9466,-2.4668,14.5802
"99",7.9546,17.6416,-2.9972,-0.6641,-1.3986,-4.4445,-1.3986,-3.0939,1.9698,17.3201,9.0902,11.1872,18.7318,-3.1966,-2.5604,32.0661
"100",7.73,26.9761,3.8681,15.622,5.0295,3.4476,5.0295,-5.3429,1.5443,18.6718,8.6945,10.8696,11.7351,-3.2432,-2.2825,14.4818
"101",4.9917,-0.0031,3.1013,4.292,2.4474,7.0451,2.4474,1.7681,1.4106,17.4366,7.2323,6.9042,14.7275,-3.459,-2.7816,30.6161
"102",2.7944,12.3997,-0.9158,1.0539,1.2749,7.4571,1.2749,5.8674,1.8484,16.1,8.6237,10.0235,3.0776,-0.3337,1.5861,10.0646
"103",6.2582,8.4187,2.3844,7.0993,9.3052,13.1353,9.3052,-3.5354,1.1087,10.2731,0.8731,4.0333,7.4902,-1.8886,-3.1484,24.3002
"104",0.6682,5.9815,-1.4485,0.0649,3.808,7.0643,3.808,-0.3817,1.3981,16.0331,2.2948,2.2719,18.011,-3.4174,-0.1133,10.7945
"105",6.7349,19.0774,3.1004,11.2488,5.465,5.3927,5.465,-3.2927,1.3124,16.5916,2.7186,-1.6096,4.4522,-0.3672,-2.3846,20.7213
"106",1.031,-6.4211,-2.8012,7.286,-1.5363,-5.6008,-1.5363,-1.7807,1.7577,16.7686,4.5001,3.9008,12.7464,-3.3176,-4.502,54.0132
"107",9.2309,18.9515,3.3603,6.5665,-2.1625,-0.5982,-2.1625,3.6229,1.5253,17.6178,0.7076,-0.0763,14.1232,-3.4383,-1.4416,8.9787
"108",9.7974,35.753,-2.0978,-2.5729,-2.2416,-5.0057,-2.2416,-0.554,1.468,17.8383,4.1689,1.9555,6.1853,-1.1926,0.0993,6.6662
"109",0.1956,1.9748,-2.3941,2.2158,6.322,5.8481,6.322,-6.0169,1.4359,15.5651,6.5454,5.9236,6.3856,-1.6952,0.0722,14.1639
"110",7.8243,21.4089,-1.7284,13.1818,4.1019,9.8395,4.1019,0.883,1.9954,18.4693,9.8417,12.8231,8.7859,-2.6764,-3.2463,37.6562
"111",8.1665,21.8176,4.2649,21.028,-1.7413,-5.8148,-1.7413,0.2112,1.6082,18.3127,5.2741,5.0681,9.0109,-2.6958,-2.7361,27.4442
"112",6.6014,14.6548,-2.9299,6.5444,0.5119,0.4344,0.5119,0.2026,1.2126,13.705,9.6897,12.6411,6.2919,-1.4364,-0.5957,-0.3952
"113",9.7748,29.4544,1.465,4.8011,1.531,2.5429,1.531,0.2225,1.8273,15.7976,6.9904,5.6238,19.7697,-2.8311,0.4782,-8.4403
"114",9.4937,35.4234,-1.1079,2.1326,3.6153,7.7298,3.6153,-0.2368,1.1911,11.7836,7.811,9.3396,10.3198,-2.7139,0.2738,0.2607
"115",6.647,12.1736,-2.6238,-3.4195,1.1576,0.2536,1.1576,-2.4244,1.918,16.5734,6.2913,5.2113,3.3412,-0.0898,-2.8091,39.4191
"116",9.0619,22.4455,-2.708,2.3445,8.5797,3.2856,8.5797,-15.5624,1.651,15.6316,0.2176,-4.4208,5.349,-1.2529,1.1781,15.1202
"117",6.6285,17.3149,-2.7561,2.899,7.0863,6.7955,7.0863,-8.1954,1.9,15.8935,9.5781,11.6862,13.51,-3.1439,1.0428,5.8491
"118",1.8962,10.3309,-1.4831,5.3387,4.8105,3.5685,4.8105,-5.6773,1.3704,16.191,7.1071,8.7399,2.7588,-0.0616,-4.1767,66.8271
"119",2.9385,2.5344,4.1144,17.5403,-2.3276,-5.5832,-2.3276,-1.8681,1.498,18.1771,1.5435,2.0411,8.3482,-2.4538,-1.7022,8.8346
"120",4.491,10.1622,1.6852,6.7118,-2.3418,-4.2573,-2.3418,0.3525,1.0262,8.335,0.4146,0.0469,17.8065,-3.5362,-4.2876,60.6772
"121",7.6857,20.4957,-0.8101,1.6465,6.9223,5.8222,6.9223,-6.6282,1.7217,15.467,1.4607,1.7875,10.9279,-2.9558,-3.978,55.5753
"122",3.6873,1.9209,-0.0463,1.1103,8.1675,7.5457,8.1675,-7.4201,1.858,17.1639,0.2527,0.9974,15.45,-3.0331,-0.5092,1.7615
"123",9.1622,33.8606,1.4291,-4.9652,5.2691,1.5946,5.2691,-8.027,1.2909,13.7366,2.4046,-0.9275,15.0566,-3.2986,0.5454,-3.0919
"124",6.129,17.9041,-2.2779,-0.3562,-2.7004,-8.4754,-2.7004,-2.587,1.8914,13.142,4.444,1.7869,4.4856,-0.6465,-3.0729,28.7519
"125",4.5972,-0.6169,0.5231,-1.2774,5.7553,8.9295,5.7553,-1.9894,1.9903,16.9177,7.2437,5.3846,4.349,-0.6564,-3.2764,29.1306
"126",9.4546,35.8134,-2.2007,-4.69,0.0049,1.0914,0.0049,0.7954,1.2391,13.5407,2.1778,0.0725,14.9192,-3.0392,-0.1583,3.5087
"127",0.7887,1.8726,3.6095,13.0351,9.9218,10.5171,9.9218,-8.4318,1.2512,13.9919,5.4674,1.9793,10.3996,-3.0353,0.5499,-13.044
"128",6.6275,13.6338,0.3868,-3.8222,3.0904,4.9984,3.0904,-0.2172,1.4987,17.6104,9.3533,9.7515,13.1946,-3.817,-0.1592,6.6734
"129",3.1702,5.4928,2.6756,1.3216,8.8726,8.9123,8.8726,-9.816,1.7695,16.7261,2.7988,1.6083,11.725,-3.3385,-4.0137,57.1884
"130",4.8236,11.8104,0.0981,-0.8762,9.0875,5.1641,9.0875,-11.901,1.8217,16.1132,6.4916,5.2592,1.7843,0.953,-2.407,8.2754
"131",2.7238,8.947,0.0509,-3.9736,2.1492,0.6499,2.1492,-3.7417,1.9216,16.8602,8.0231,9.0102,12.5226,-2.8953,-4.6025,60.9998
"132",9.322,23.3144,-2.4997,-4.134,8.8137,10.5545,8.8137,-9.3033,1.1377,11.5563,0.731,-2.3369,13.2489,-3.3389,1.2718,14.0016
"133",1.5935,3.7302,0.793,4.8318,-0.3036,-0.1466,-0.3036,0.1715,1.0764,10.0602,9.6999,17.7752,6.412,-1.3036,-2.9236,31.8046
"134",5.055,8.3211,2.3678,5.994,3.5522,6.1265,3.5522,-0.6565,1.4419,16.1756,2.9376,1.4175,6.5144,-1.5571,0.5846,-10.4466
"135",8.502,25.4987,0.3762,-2.6998,9.9852,17.0869,9.9852,-2.2681,1.2018,12.9862,6.7256,7.0364,13.8967,-3.5029,-0.9964,-1.2462
"136",9.4888,25.0299,-1.0849,2.0584,-2.6961,-5.9,-2.6961,-1.0189,1.7013,14.9463,1.7618,0.7289,15.7747,-2.643,-0.6731,-8.5629
"137",0.092,1.9589,-1.0448,-0.9538,3.0373,4.9442,3.0373,-1.0137,1.6571,18.0622,9.1095,14.7458,5.7369,-1.6921,-4.6466,62.2841
"138",8.4049,29.9251,2.3501,8.1666,7.6727,3.4864,7.6727,-11.0216,1.9271,14.8564,0.6164,2.0941,7.5579,-1.5795,-4.8876,64.1658
"139",2.4204,1.9119,2.0249,3.5602,1.3288,7.6691,1.3288,3.4228,1.2208,13.989,9.4559,10.9686,10.5002,-3.078,0.258,7.1993
"140",4.3192,13.2192,-0.808,0.1293,-0.1105,0.3134,-0.1105,0.5426,1.3241,14.2698,8.0942,7.8362,12.9676,-2.9057,-0.3848,3.1956
"141",0.5881,1.7193,-0.6727,-0.0865,5.5965,4.2031,5.5965,-6.6206,1.2456,16.7974,4.2002,2.0139,3.7274,-0.3118,-4.5336,60.5191
"142",7.3685,23.8098,2.0174,9.4742,2.5659,9.7529,2.5659,3.0598,1.4618,16.6384,0.4886,2.0415,3.7925,0.1711,-3.5562,33.6447
"143",3.6955,3.34,4.0663,17.789,5.5497,5.1261,5.5497,-6.7022,1.2635,16.5157,4.3164,1.5712,3.5743,-0.1349,-1.111,-1.4748
"144",5.4881,12.881,4.4051,19.6736,-2.6286,-4.4444,-2.6286,1.0362,1.6348,17.843,5.3352,2.967,6.4794,-1.5761,-0.9766,-3.5602
"145",9.8611,29.3628,-0.5553,1.4216,-1.1032,-2.6194,-1.1032,-1.5961,1.2441,13.5619,1.6838,1.8985,18.9754,-3.1888,-3.3039,23.3821
"146",9.8069,28.5116,-1.4151,-3.3395,9.2696,5.4296,9.2696,-11.9858,1.573,15.7018,3.879,4.2952,16.9133,-2.6331,-1.9548,16.1301
"147",1.8281,3.7454,0.6638,0.8655,4.11,-1.5649,4.11,-9.647,1.998,14.2723,1.1998,-1.1383,1.8554,-0.0878,-2.9853,34.0563
"148",2.7095,2.4487,2.5006,10.6293,-2.6371,-4.4698,-2.6371,1.4309,1.8532,16.8076,6.4866,7.743,5.1656,-0.5561,-4.8733,63.6093
"149",4.3281,5.5849,2.8871,14.4412,4.5031,2.8548,4.5031,-6.0517,1.2213,13.2286,0.3872,-1.8779,6.2183,-1.601,-0.0213,16.061
"150",7.1818,21.6245,1.8373,2.8341,2.9082,8.6965,2.9082,4.0394,1.8816,15.5939,2.9462,3.4028,2.5303,0.5631,1.8821,9.5108
"151",4.6264,6.8435,-0.8021,-1.1492,7.1776,6.9241,7.1776,-7.3878,1.8122,15.3458,7.4047,8.8138,9.8023,-3.3539,-0.528,-7.2873
"152",8.3251,24.7594,4.5777,20.1549,1.137,9.3488,1.137,5.7267,1.1318,11.5513,2.7473,2.3683,10.1056,-3.2159,1.5086,11.5389
"153",1.3305,4.9425,-0.4831,10.6179,1.1367,3.9175,1.1367,2.8071,1.8505,14.236,4.3903,4.6725,4.4563,-1.0569,1.0533,3.537
"154",8.0315,20.86,2.9794,13.566,-2.4762,-5.3287,-2.4762,0.4973,1.381,16.4038,7.2687,7.1112,16.9607,-3.321,-3.1398,42.5233
"155",9.9777,36.6965,-1.7952,-1.7644,9.1075,6.7194,9.1075,-11.5184,1.3856,18.8715,4.2534,-1.1302,14.5781,-3.7495,-4.7289,59.205
"156",6.1302,21.7045,0.7215,-4.7347,7.2,3.2298,7.2,-11.9464,1.6624,19.3137,0.7041,3.699,3.1596,-0.2635,-2.6503,32.9859
"157",0.8275,10.8709,1.8069,9.4352,-0.271,-0.2685,-0.271,-0.1804,1.0792,11.9327,1.6203,5.9672,2.8292,0.6495,-2.0708,8.8963
"158",9.9615,38.3323,1.2738,-9.4188,6.5514,7.9776,6.5514,-4.4611,1.148,11.8769,3.2411,4.9005,8.648,-2.3884,-2.591,34.1653
"159",1.298,2.1093,0.362,1.7409,4.3775,5.5881,4.3775,-4.9863,1.8123,16.1178,6.9786,2.4681,14.7621,-3.6296,0.3867,-3.8198
"160",8.9108,24.3043,2.2449,-2.5238,7.4957,2.4433,7.4957,-13.399,1.7709,17.9193,8.8351,10.8083,4.1513,-0.8008,-2.8428,32.9263
"161",0.5615,14.6602,4.1717,19.8912,4.9519,-0.7679,4.9519,-9.584,1.9762,14.5375,6.3064,8.0473,3.8437,-0.3903,0.7001,-6.335
"162",3.7824,4.2009,2.7707,1.138,4.1688,3.5212,4.1688,-3.2488,1.1362,14.2246,5.7992,6.2703,5.7808,-1.1479,0.8248,0.993
"163",8.2368,30.0728,-1.9835,-8.4123,0.5066,0.6336,0.5066,0.2916,1.0582,10.5362,3.5406,2.766,1.7964,0.6192,-3.2676,37.9705
"164",0.7225,0.9485,1.6423,-1.2158,4.5196,5.6367,4.5196,-4.408,1.4513,17.085,3.2305,3.529,9.5496,-3.0027,-4.8829,54.7912
"165",5.5569,13.9313,-0.5559,-6.8332,9.1222,12.032,9.1222,-6.7495,1.2552,15.8135,6.2115,3.5939,1.8444,0.4605,0.4656,5.6017
"166",2.2137,8.7425,-1.481,-0.2205,4.5504,1.2229,4.5504,-7.7593,1.773,18.2337,9.4002,10.0827,3.4495,-0.3032,-1.6355,19.3203
"167",0.5935,3.4026,2.6428,12.9975,-2.4579,-5.7993,-2.4579,-2.861,1.7183,14.2412,0.8086,-1.4875,7.2252,-1.9973,-3.3251,27.4356
"168",5.1553,5.1513,-2.3152,0.4591,-0.5527,-0.8535,-0.5527,0.6079,1.1191,10.4631,2.0969,1.6806,11.181,-3.404,0.7709,-5.0203
"169",0.0097,-3.3121,3.0445,14.0555,2.3631,7.4765,2.3631,2.1824,1.5474,16.6754,9.4137,9.9397,18.8256,-2.8954,-2.4576,6.4608
"170",5.6275,10.7802,0.5073,6.892,3.6335,1.9316,3.6335,-4.1668,1.8219,16.6305,4.8192,1.9965,9.16,-2.2566,0.2199,-4.454
"171",0.9486,-3.4786,-2.0427,-5.7095,6.034,5.0984,6.034,-6.5333,1.9409,17.2061,3.2448,1.22,12.2917,-2.7356,-4.2277,56.7153
"172",3.4457,5.8108,-0.5619,-1.7855,5.5628,3.0312,5.5628,-6.994,1.0609,11.0544,5.0234,5.5163,7.431,-2.3346,0.5434,-5.2233
"173",9.6765,27.2494,2.9841,8.431,2.5678,4.7057,2.5678,-0.7981,1.3017,13.4955,9.5141,12.7978,12.1674,-3.5977,-2.5981,18.7231
"174",1.0726,-1.2353,-2.341,-4.1988,8.3949,5.9809,8.3949,-11.9846,1.3735,16.7131,8.2174,9.9322,15.834,-3.294,-0.9998,0.6452
"175",5.4196,13.2364,0.4613,5.092,5.3284,4.6696,5.3284,-6.6774,1.756,16.46,0.0038,-1.5235,18.3248,-3.1001,-2.6929,23.2913
"176",2.3521,0.6304,-0.565,-5.3495,7.7707,3.5166,7.7707,-12.5941,1.5614,16.1812,0.7872,2.7597,15.0406,-2.9373,-3.1472,24.8419
"177",3.8593,10.147,1.0021,7.9013,-1.6431,-5.7334,-1.6431,-2.2492,1.5692,15.1831,3.9171,5.0528,15.985,-3.372,-4.0436,60.8
"178",2.639,12.2789,-2.8152,1.7175,0.8942,1.859,0.8942,-0.7436,1.6535,17.1892,8.0864,7.596,5.1241,-0.9473,-0.0816,13.0406
"179",9.7612,20.5117,2.611,19.1442,0.1062,-1.6771,0.1062,-1.973,1.0755,8.5454,2.7719,2.131,14.2088,-3.2151,-1.8515,16.6951
"180",7.3887,16.5071,1.0032,9.9338,-2.1258,-8.2629,-2.1258,-5.4954,1.3447,16.1897,4.4086,5.3234,14.6903,-3.4325,1.2009,10.4253
"181",5.2138,17.7014,0.46,12.1727,7.9011,6.476,7.9011,-8.6015,1.971,15.6116,4.8209,5.4695,14.9908,-3.0414,0.0325,26.1505
"182",4.6166,2.9371,-0.3341,-2.5495,0.6337,6.2184,0.6337,5.0062,1.5494,15.3686,3.5695,1.1041,15.8092,-3.3381,-1.8193,4.3199
"183",1.901,-2.6495,0.8515,-2.4833,6.149,4.5135,6.149,-8.6836,1.1265,11.8732,8.5932,9.5994,6.216,-1.2081,-4.3506,52.4611
"184",3.0466,11.4836,3.2455,5.3125,8.1237,7.9318,8.1237,-7.0698,1.8937,16.375,5.1404,4.2449,3.8932,-0.058,-1.4142,16.0239
"185",5.8051,14.3663,1.4286,6.0428,7.5004,7.1458,7.5004,-8.4318,1.6175,17.5973,9.4817,11.5653,12.0546,-3.1447,0.0881,2.2303
"186",5.0811,12.3237,2.6342,9.7231,4.1042,8.4828,4.1042,0.733,1.6097,17.7912,6.7774,7.0531,8.3276,-2.828,-0.8178,-11.4285
"187",7.8258,22.5626,-0.9575,-7.9164,-0.8974,-3.034,-0.8974,-1.0821,1.4697,17.9666,6.2818,2.1588,5.6089,-1.071,-2.8695,31.9865
"188",0.7554,3.7736,-1.4765,-0.0795,2.5784,-0.1491,2.5784,-4.7075,1.0473,11.655,2.3875,1.4927,17.5767,-2.9228,-1.0274,-2.4442
"189",2.0804,2.5359,1.927,3.6869,7.8148,5.2566,7.8148,-10.0396,1.025,7.5785,2.0066,3.0242,14.505,-3.6975,0.4554,-7.9839
"190",7.9868,25.4733,1.8047,0.8585,1.9283,9.8531,1.9283,4.438,1.6294,14.613,7.4869,6.4407,17.1236,-3.1903,1.0749,-1.6093
"191",9.8835,32.049,-2.0404,-5.9154,-1.2554,-11.1329,-1.2554,-7.7917,1.8461,17.0626,5.2212,4.8336,10.3202,-3.1804,1.4668,6.2523
"192",5.8373,19.8971,3.7433,15.5855,6.1878,2.2041,6.1878,-9.6728,1.7161,19.2406,0.9163,-3.0476,6.1915,-1.492,1.2423,2.4988
"193",5.9295,5.2257,3.7132,17.0679,2.98,5.5218,2.98,-2.5971,1.3396,15.5667,0.8495,0.9675,17.495,-2.9868,1.5366,16.703
"194",5.5972,10.4083,4.6395,31.3986,7.0627,6.7702,7.0627,-8.3951,1.4509,14.9286,7.6545,10.8495,15.2141,-3.1791,1.56,20.7308
"195",7.6882,24.4706,-0.7396,-0.2684,5.85,9.6382,5.85,-0.4487,1.9661,14.9266,8.6045,8.8718,12.2739,-3.3152,1.628,16.2909
"196",0.6095,5.5153,0.6617,2.5301,-1.7495,-7.3991,-1.7495,-4.208,1.373,15.4015,7.1864,8.1045,3.5286,-0.0921,-1.8133,7.0141
"197",2.3839,9.5134,-0.8481,0.1392,5.6756,6.4984,5.6756,-6.0097,1.7465,17.4721,9.0894,12.1085,3.2244,-0.2746,0.7039,-0.8553
"198",0.3892,2.9607,-1.405,-7.695,-1.1563,-1.4213,-1.1563,1.8269,1.8944,16.0073,7.1223,4.243,7.7979,-2.5185,1.4815,6.946
"199",2.5019,-4.5117,0.2907,-3.4223,8.0899,5.8942,8.0899,-10.6491,1.9778,16.1385,2.5401,2.8984,4.3476,-0.3213,1.2788,10.9235
"200",8.6436,27.6907,2.2851,0.8091,5.799,8.1047,5.799,-4.6118,1.3805,14.985,5.7418,4.9,6.4443,-2.1,0.0965,10.0013
"201",4.0334,6.7422,3.0352,9.2819,0.1586,-6.4329,0.1586,-7.7266,1.8632,15.7401,3.3921,2.7369,9.5857,-2.6712,-0.4533,-2.1066
"202",2.0091,-1.8365,-2.2703,8.9115,-1.4179,-0.5224,-1.4179,1.3875,1.1823,14.2158,8.2174,12.0703,18.2561,-2.624,-3.3077,27.9636
"203",4.1694,12.1921,-2.7237,3.5062,-2.8634,-1.4753,-2.8634,5.3206,1.7256,16.2283,0.5213,2.9341,3.5983,-0.209,-2.3321,5.4723
"204",8.9626,28.5882,-2.5213,-4.1666,0.8126,2.3149,0.8126,2.4589,1.1178,10.9375,8.727,13.5191,17.702,-3.3188,-2.4704,10.0646
"205",7.5073,19.6391,2.4575,13.2153,-0.9729,-3.3175,-0.9729,-1.9896,1.1244,11.7874,2.2854,0.2449,1.4273,0.8545,-0.483,1.3947
"206",1.7901,-2.1779,0.4794,-11.3394,-2.3749,-6.2531,-2.3749,0.2699,1.6615,18.2874,6.3035,8.4689,14.2877,-3.7721,-0.7753,-1.1014
"207",3.6053,2.719,4.5422,28.2377,-2.8771,-7.1575,-2.8771,-0.145,1.4802,16.7111,3.0172,1.2685,3.2114,-0.4039,-4.4501,70.3647
"208",4.0063,6.7358,-1.6683,-2.1968,1.5902,5.8936,1.5902,3.0407,1.5112,16.2633,7.5512,9.9679,11.0898,-3.5366,-0.7514,-9.7992
"209",2.3752,7.5676,4.1673,15.6473,0.7608,3.2813,0.7608,0.7067,1.0131,10.744,2.6947,2.4429,11.4381,-3.2943,0.0825,7.9291
"210",2.8272,0.7912,3.7368,20.7191,-2.2011,-5.0135,-2.2011,-1.2966,1.6475,14.189,2.5252,1.4413,4.8577,-0.5052,-0.3394,7.1176
"211",1.4303,-6.7746,2.4391,11.1984,0.8785,2.4013,0.8785,0.0834,1.1386,12.7696,0.8786,0.8129,13.953,-2.6676,-1.2006,14.2436
"212",5.5067,10.8491,4.0175,24.7979,5.2262,2.1745,5.2262,-7.0349,1.2788,15.2502,6.7874,5.2346,9.3456,-2.9336,-3.6534,34.4209
"213",1.6962,6.1039,3.1737,14.5491,3.3883,3.9421,3.3883,-2.664,1.7917,17.2984,3.6605,2.4025,9.3419,-2.7943,0.8776,0.58
"214",0.054,-5.5728,-0.8553,-1.262,8.1865,6.125,8.1865,-9.5663,1.151,13.6766,2.2547,-1.5983,19.1154,-2.9309,1.0375,15.2571
"215",3.1808,-2.6791,1.3633,3.6295,1.3473,-3.0124,1.3473,-5.8127,1.8626,17.3176,6.2562,5.2595,19.0889,-2.9574,-0.0312,11.468
"216",9.7818,40.5589,1.3553,-0.1268,9.1198,9.0899,9.1198,-9.2052,1.666,16.6816,8.9665,8.5893,10.3141,-3.1995,-4.8908,63.5221
"217",1.5817,4.4557,0.899,8.5305,-0.8825,-8.3281,-0.8825,-6.2384,1.0189,9.3067,0.1326,-1.5637,13.4464,-3.1886,1.7171,11.4505
"218",2.4952,11.5055,-0.5014,3.3083,2.3113,5.9604,2.3113,1.6289,1.845,17.5489,6.6095,6.4536,14.5986,-2.8624,-0.4517,0.5989
"219",4.7587,3.3054,-2.6885,2.1702,-0.0854,-4.4527,-0.0854,-3.0655,1.3895,16.9683,5.4795,3.0125,12.8356,-2.8558,1.4396,6.3863
"220",8.4596,20.467,-1.1849,-3.2584,9.2315,13.3163,9.2315,-4.355,1.7355,15.1299,2.0461,3.3532,11.6198,-2.8034,-4.7093,69.2619
"221",8.8774,25.514,1.1264,-5.0861,-0.4309,-3.1283,-0.4309,-2.8553,1.9865,16.7705,1.2516,4.4599,6.2974,-1.6315,-1.2028,3.221
"222",1.406,-4.0556,-1.7006,0.8171,2.5942,2.0608,2.5942,-2.5466,1.255,14.9244,1.3559,3.8195,5.2886,-0.8387,0.6259,-4.5725
"223",6.489,19.5502,1.258,3.4933,9.6391,10.2492,9.6391,-10.6639,1.9471,15.011,3.5511,1.67,9.7455,-2.4355,1.4376,17.5741
"224",3.4723,5.07,1.5304,4.0818,-0.0172,-0.9516,-0.0172,-1.6302,1.4934,17.9778,2.9373,0.5527,3.7905,-0.4861,1.4543,15.3651
"225",9.9298,25.3248,-2.3407,-4.2777,-2.0689,-6.8814,-2.0689,-3.3475,1.9739,16.8435,6.0025,3.5749,10.5736,-3.1659,-0.8524,-10.7194
"226",8.341,25.8736,1.8622,9.2922,5.6205,-1.2886,5.6205,-12.5434,1.7042,17.6938,8.6303,8.8715,14.9449,-3.0185,-2.6511,27.4066
"227",5.4683,4.8122,0.5853,3.7783,6.7265,3.044,6.7265,-9.9828,1.2583,13.6623,0.3499,0.3173,1.3771,0.4344,-0.6614,-7.8644
"228",4.4329,4.1655,-0.7694,10.5012,5.024,8.134,5.024,-2.7624,1.2055,15.1079,9.9429,13.9989,8.4955,-2.3085,1.9055,2.7539
"229",9.0757,26.9261,4.7301,37.4515,7.6415,4.8181,7.6415,-8.3239,1.2511,13.2429,0.5366,3.7222,18.4843,-2.7119,-3.2756,28.3458
"230",5.8925,18.3506,2.6147,14.0889,0.1707,3.4863,0.1707,2.2655,1.6526,18.5306,5.0391,1.2421,1.9153,0.5845,-3.5457,26.8922
"231",5.7683,17.3356,-2.4652,0.9171,2.2854,2.3272,2.2854,-2.3928,1.6553,16.8718,9.5905,11.0082,2.1138,0.4378,-3.9608,51.9611
"232",7.4414,23.6028,-0.8028,-1.1721,-0.1929,-1.0225,-0.1929,-0.4196,1.6228,15.7765,5.6044,3.8752,8.0177,-2.5998,1.4319,17.9945
"233",2.0761,-3.5176,0.5973,2.3266,-0.5194,-0.6587,-0.5194,1.0896,1.9243,15.8452,1.1565,1.1238,16.345,-2.9231,-1.0992,4.0674
"234",9.6404,39.1804,-2.287,-4.2648,9.9856,11.2452,9.9856,-9.5864,1.9358,16.9396,5.6287,4.1962,3.2815,-0.2742,-4.6366,62.191
"235",2.0695,4.9895,4.9554,34.6783,1.522,-0.0752,1.522,-1.0825,1.0093,8.9902,0.478,-0.3394,14.8293,-2.5658,-1.9754,11.1831
"236",7.7369,30.448,-0.241,-0.5046,1.9437,2.1096,1.9437,-0.7044,1.0717,9.7749,8.2841,10.2943,13.1644,-3.2133,-2.4559,25.4136
"237",8.245,31.9335,4.4065,18.8471,7.5599,11.1686,7.5599,-3.9009,1.0459,9.4883,8.5924,12.7911,11.2345,-2.8988,-0.2977,9.3749
"238",7.6897,15.8954,-1.5194,5.1457,-2.7233,-4.2668,-2.7233,1.0739,1.9668,16.4275,3.5762,3.8907,14.83,-2.6605,0.4263,-2.0446
"239",9.875,33.1835,1.049,2.6996,4.4946,0.3088,4.4946,-9.754,1.2058,14.4607,5.8738,7.0191,1.6196,0.8832,1.2807,3.4823
"240",4.0087,6.7139,4.8554,25.7724,-0.5796,1.9863,-0.5796,3.3464,1.1839,10.8403,9.5332,13.2887,8.9526,-2.4236,-4.0852,50.5645
"241",9.9314,38.1207,0.4456,4.5389,6.6311,8.0799,6.6311,-7.6837,1.8281,18.7427,0.6208,2.8664,4.5717,-0.4875,0.9981,4.7801
"242",0.3007,0.5925,-0.2582,-1.9342,5.8277,1.9843,5.8277,-7.809,1.6226,16.968,4.6032,2.59,8.5021,-2.3234,1.536,7.7982
"243",6.1147,16.0483,3.9764,27.3963,6.4801,3.5997,6.4801,-8.5239,1.0148,11.2675,2.4823,1.4546,11.2922,-3.1236,-2.4915,24.8091
"244",8.1444,21.9332,1.6959,5.5861,8.3627,7.9929,8.3627,-7.9436,1.3999,17.243,8.0608,9.1723,10.25,-3.2621,-4.4612,65.1794
"245",6.3003,11.4926,0.0175,-4.6278,4.9613,2.347,4.9613,-8.6632,1.5293,19.7153,8.8975,11.8506,13.6592,-3.0818,-2.9343,32.4422
"246",1.6049,7.3411,0.5624,-8.5344,5.6369,3.53,5.6369,-6.7957,1.6294,18.1115,1.5128,1.4109,6.0687,-1.6431,-4.0479,60.6927
"247",2.5068,3.8363,-1.4303,-3.4594,-2.5545,-5.3827,-2.5545,-1.1194,1.0271,10.6087,6.8244,3.8819,16.7844,-2.596,-4.4533,64.7443
"248",4.5732,12.9341,3.9732,17.8917,4.6183,4.0009,4.6183,-4.9539,1.8399,14.3756,0.3291,4.0826,19.2204,-2.8964,-1.7773,11.4077
"249",8.653,26.5761,3.4595,5.8729,8.278,5.4988,8.278,-9.4733,1.0138,7.8898,0.3861,3.5231,9.3076,-3.0011,-3.9923,62.5472
"250",2.1869,5.0268,1.5586,-0.5621,5.0201,3.133,5.0201,-8.0042,1.3518,14.7617,5.94,0.2376,15.862,-3.772,-2.9521,34.0001
"251",8.8193,29.6271,-2.1439,2.489,8.2162,6.5546,8.2162,-9.4582,1.4442,16.0765,1.3719,2.7488,11.7326,-2.9553,-3.2281,24.7563
"252",5.3198,19.8569,3.8085,15.244,0.7665,0.5584,0.7665,-0.6607,1.4817,16.314,7.1444,5.3942,17.3718,-2.7785,0.0106,1.6662
"253",7.5165,22.8083,3.7248,10.6037,9.335,5.0515,9.335,-14.5812,1.7786,17.0458,2.8762,3.4946,15.5719,-3.2601,-2.8113,32.146
"254",5.9089,23.5009,-2.0407,-5.024,2.1665,5.6469,2.1665,1.2684,1.2198,15.8709,0.7643,5.9738,6.9492,-1.9415,-2.6747,23.0292
"255",0.4554,4.7203,-1.7977,5.2092,-2.3862,-4.5727,-2.3862,2.2546,1.1616,14.399,5.1296,4.7605,2.561,0.5223,-4.549,68.0411
"256",2.1096,-0.9359,2.4879,10.1206,7.1236,-1.5459,7.1236,-16.5898,1.1775,13.9516,4.7472,5.6911,12.5283,-3.3364,-3.8007,39.0328
"257",9.7885,33.024,1.3478,7.338,-0.9981,3.1427,-0.9981,5.1262,1.6753,16.6243,4.9007,6.0223,19.0391,-2.6622,-4.1882,59.323
"258",2.4083,0.6213,1.7878,-0.5389,6.2847,6.3257,6.2847,-7.9004,1.7263,16.6103,8.5889,13.0702,19.71,-3.198,-1.6936,14.3871
"259",3.7257,4.1678,-1.9422,-4.1525,7.5295,1.1605,7.5295,-13.1974,1.3841,15.7849,8.4848,10.248,18.8343,-3.2715,-1.5444,26.5344
"260",0.4092,-3.0638,-1.2807,13.0669,7.5208,6.1772,7.5208,-6.7385,1.9812,16.0343,4.6143,6.4791,4.293,-0.3807,-0.6436,-17.205
"261",7.9522,21.6524,3.2386,7.3605,4.2674,8.4886,4.2674,0.0028,1.53,17.2864,6.4142,5.1982,10.3567,-3.5236,0.5358,1.2571
"262",7.8232,13.795,4.3339,19.0276,6.4112,5.4958,6.4112,-7.6548,1.91,16.6038,3.6162,5.2917,1.7277,0.9005,-3.1715,31.7601
"263",3.6008,11.9171,-2.6708,-3.8001,4.3254,8.6243,4.3254,-0.2148,1.7748,14.4282,6.8046,5.7855,18.2091,-2.9376,0.2808,-0.557
"264",4.6968,7.3482,-2.964,4.1323,3.3778,6.7541,3.3778,0.6826,1.1373,11.8586,5.5457,2.4623,9.397,-3.0645,0.5829,1.5325
"265",1.6571,4.0848,0.3793,2.0748,8.4396,5.9986,8.4396,-10.4654,1.5146,17.407,1.6451,-1.3801,9.9039,-3.2224,-3.6858,34.154
"266",5.7438,15.8533,4.505,15.1635,-2.7173,-9.3915,-2.7173,-3.1271,1.3736,14.4891,5.0761,2.5325,11.2417,-3.4194,-3.042,32.1203
"267",4.9823,15.3415,2.368,1,0.9038,6.2391,0.9038,3.9602,1.379,17.4737,2.8435,2.8103,1.9806,0.8468,-3.2637,35.6395
"268",8.9963,25.6736,-2.8507,8.1676,0.2141,2.3079,0.2141,3.031,1.6678,19.642,0.6646,3.604,15.8524,-3.0144,1.6869,9.7783
"269",7.9862,23.4531,4.3712,22.6177,-1.8119,-5.2961,-1.8119,-2.6622,1.8858,17.8033,6.8094,4.1351,3.4852,-0.2505,-2.1795,6.2195
"270",2.1066,7.527,-1.6974,5.6588,2.5315,0.8826,2.5315,-3.7361,1.1951,11.9705,5.627,1.037,4.1596,0.1052,-4.8506,69.8653
"271",9.4959,30.3056,2.9221,8.8693,7.686,10.4148,7.686,-5.509,1.197,11.3137,5.6279,6.0135,3.3514,-0.2346,-1.7514,13.2187
"272",6.0162,17.8192,-2.9522,-1.2555,8.9523,8.9697,8.9523,-8.571,1.3243,15.192,3.3351,1.8534,11.4186,-3.2316,-4.0343,48.8188
"273",2.6513,11.0854,0.5721,-5.7272,1.8581,4.9288,1.8581,2.8672,1.908,15.8535,1.2241,-0.9074,4.4841,-0.6071,-1.0882,14.7682
"274",8.3571,22.5951,0.7426,0.3306,4.0697,4.1578,4.0697,-2.7004,1.0431,7.1195,6.7708,6.2379,11.1254,-3.2758,0.8282,-5.9297
"275",6.8273,24.764,4.9058,39.0233,-2.1949,-13.152,-2.1949,-8.5859,1.4575,16.2535,1.9934,0.0177,11.1443,-3.0101,-1.047,-1.1429
"276",4.0268,8.3265,2.8428,3.5104,3.8683,10.1706,3.8683,2.2816,1.5924,16.5492,1.7778,2.2378,15.2888,-3.1205,0.7002,-8.4952
"277",4.9701,9.0527,2.6018,9.6375,3.9845,4.2,3.9845,-5.4307,1.3083,15.9153,3.0123,1.7917,15.223,-3.5303,1.2224,13.1304
"278",2.6627,-0.1848,-0.51,3.1977,1.021,5.0587,1.021,3.1121,1.8018,16.3167,5.0753,4.0309,6.0994,-1.6721,-2.3246,6.64
"279",2.5245,-7.3027,0.8848,3.9172,-0.1856,-0.4095,-0.1856,1.1248,1.5381,14.8652,3.8824,-1.3283,3.3808,0.166,-0.3974,-0.9815
"280",6.854,17.7698,4.1445,24.994,4.1744,6.6156,4.1744,-3.0708,1.3866,16.4542,1.9261,0.5548,8.7607,-3.0517,-0.4758,-4.8791
"281",2.7178,6.3742,-1.6479,5.3434,5.2234,2.2188,5.2234,-6.5835,1.5825,17.1226,1.9148,-3.155,9.9626,-3.239,-4.6206,59.1222
"282",3.7136,9.862,2.8322,6.2884,6.3065,6.7534,6.3065,-5.8276,1.1115,11.525,7.7735,10.3677,12.3814,-3.0286,1.2461,6.024
"283",3.7291,5.6033,-1.9505,6.7412,9.2421,5.2274,9.2421,-13.451,1.1367,14.6126,8.6569,11.1526,18.2288,-2.9935,-0.3285,5.8186
"284",6.5185,9.1038,-0.9487,-1.7569,7.1486,7.5381,7.1486,-6.7609,1.3895,19.1156,3.069,-1.1436,11.2835,-3.3428,-4.9651,58.2696
"285",2.6182,1.9464,-1.8987,-8.4001,7.3751,3.0418,7.3751,-11.6274,1.9608,16.3992,6.3929,4.76,5.8755,-1.433,1.4006,23.0044
"286",9.8786,26.2656,0.265,10.506,1.8286,10.0048,1.8286,6.4661,1.4053,16.5853,9.82,12.5703,5.5157,-1.3916,-3.6305,29.1862
"287",8.1176,22.8479,3.8971,19.1058,-1.0731,-2.8621,-1.0731,-0.591,1.1984,12.8356,1.7922,5.53,19.4585,-2.983,-3.8999,54.5938
"288",1.8795,5.7781,0.64,3.5741,-0.096,4.7136,-0.096,6.517,1.6056,16.1845,9.5815,14.8687,1.799,0.6325,-3.5457,27.6961
"289",5.6081,10.5719,-2.5673,-8.0175,3.3593,-0.8267,3.3593,-7.5185,1.8003,16.5289,2.5373,-1.93,13.9065,-3.5279,-3.3189,23.5258
"290",4.1124,10.0061,-1.8007,-10.3751,7.3845,7.1488,7.3845,-8.62,1.7941,16.2497,1.1764,2.9812,9.0075,-2.594,-3.4935,16.989
"291",0.7162,0.472,-2.6964,-3.2044,-2.5515,-3.166,-2.5515,2.7163,1.1202,14.806,8.7843,13.3817,17.3543,-2.5492,-3.5285,31.9817
"292",7.6058,23.8165,3.7604,3.8704,7.5705,7.0594,7.5705,-5.3238,1.5356,17.5985,7.0328,10.3085,18.5108,-3.0104,1.4256,29.2951
"293",6.6357,18.7181,3.4954,16.0695,8.8763,4.1021,8.8763,-15.4206,1.8274,17.3138,1.3686,2.9581,8.6841,-2.3148,0.1736,9.2634
"294",0.5071,-0.6253,2.1942,4.7784,1.2881,3.0513,1.2881,0.7832,1.9194,16.5299,9.0925,11.8441,16.5278,-3.3608,-2.4392,26.0706
"295",0.6191,4.6695,-2.1244,1.6871,-0.2655,1.2627,-0.2655,1.8527,1.9438,14.7188,0.065,-0.5241,3.6444,0.2806,-4.3192,64.7156
"296",9.2493,29.7219,-0.9471,6.7245,-1.0274,-1.7246,-1.0274,-0.6582,1.4988,15.2453,9.0087,11.3017,11.6044,-3.0577,-0.0808,12.8134
"297",2.7379,-0.6448,-1.1635,2.8667,-2.4629,-6.6016,-2.4629,-2.3312,1.8952,17.4599,7.7603,8.1008,13.4929,-3.4179,0.8556,-2.3948
"298",5.6721,14.8588,4.453,27.0313,3.3929,2.7594,3.3929,-4.5264,1.2855,14.0767,8.7781,8.6303,9.9177,-3.3365,-0.7968,-1.0866
"299",2.6461,-7.1143,3.0157,8.0693,0.7417,6.8494,0.7417,3.745,1.0136,8.6535,6.5301,3.6855,17.4401,-3.1086,-0.3195,1.5214
"300",2.8991,7.1443,0.7336,1.2426,3.2832,1.386,3.2832,-3.072,1.8779,16.286,3.4717,-0.087,7.3447,-2.2787,0.4211,-10.0658
"301",5.2917,16.5006,-2.0018,-3.1364,2.7827,1.2654,2.7827,-2.9801,1.6429,18.4163,5.8415,6.581,9.4134,-3.0839,-0.3623,-3.4083
"302",4.5565,16.7475,4.1546,17.6396,2.2056,6.6079,2.2056,1.7997,1.2778,14.0182,7.9882,8.8446,15.6684,-3.2132,-2.4177,7.5193
"303",0.6587,-0.9152,1.5442,8.4135,6.4764,5.6157,6.4764,-7.3737,1.2614,14.1438,2.5247,0.1231,5.0291,-0.4633,-2.8007,35.753
"304",8.3899,34.412,1.427,-4.4216,4.19,2.6817,4.19,-6.2666,1.3392,15.7316,3.925,3.7437,7.6959,-2.2159,-3.1998,35.4703
"305",1.9063,1.2234,-0.828,2.9132,7.2489,3.0688,7.2489,-9.6502,1.3781,14.5288,6.2189,3.4098,6.7998,-1.8994,-2.3374,13.071
"306",9.1042,23.0005,-1.5048,9.0877,8.5919,4.3855,8.5919,-12.8391,1.2515,13.5728,2.0949,2.999,18.0232,-3.2221,-0.5285,-6.4952
"307",1.23,4.3604,-2.0908,5.0435,-2.4889,-5.169,-2.4889,-0.4114,1.7507,16.824,4.228,4.9842,17.3849,-2.7511,0.763,-6.3034
"308",8.0539,27.3148,3.5266,7.677,6.7206,6.3751,6.7206,-6.1108,1.8482,15.9738,0.051,0.7196,6.9248,-1.926,-0.0941,6.2435
"309",4.131,5.0385,-0.9788,1.0346,1.4593,8.2236,1.4593,4.9971,1.8088,17.1227,9.6438,12.6254,18.0342,-2.9043,-2.2712,7.2721
"310",4.6311,13.3386,2.3006,6.6688,2.0971,3.7721,2.0971,-0.2446,1.1627,11.1697,0.4894,1.5116,18.7593,-3.1553,-3.8473,55.1283
"311",3.5495,9.2719,-1.3846,1.9551,0.6509,1.5613,0.6509,-0.1657,1.8359,14.58,9.7099,14.4368,6.1014,-1.605,-0.062,1.921
"312",9.8811,22.8146,0.5081,-1.3634,2.8114,6.539,2.8114,0.2596,1.0185,9.7822,0.9042,3.0289,6.4257,-1.5264,-3.7325,40.893
"313",3.2195,1.2767,-2.91,11.895,-2.5577,-0.8294,-2.5577,5.4928,1.8024,17.13,4.9364,1.4952,17.5955,-2.8302,-1.5496,13.7185
"314",8.9017,30.7155,-0.9889,-1.7927,7.1763,4.4992,7.1763,-11.0819,1.0333,9.5495,2.7116,1.7103,10.4186,-3.5394,0.0888,1.8982
"315",7.9617,21.2957,-2.7687,4.7897,-0.3418,-0.8961,-0.3418,-0.6515,1.2454,13.3182,0.0816,0.1617,15.6935,-2.89,-1.1306,2.5957
"316",5.5956,18.4306,2.3323,0.974,-2.7736,-8.4579,-2.7736,-1.7139,1.3714,17.0196,1.4583,2.9793,2.7065,-0.2635,-0.7323,2.2721
"317",3.2787,5.2346,3.6389,6.9066,3.5926,0.5144,3.5926,-8.9269,1.2912,14.5631,0.0471,2.5415,17.9665,-3.0115,1.3306,10.6584
"318",0.9607,1.8897,2.5808,8.5959,2.8557,6.7604,2.8557,0.9033,1.1937,13.5691,7.4775,5.3256,18.0705,-2.7333,-0.3855,-4.4421
"319",6.8233,18.7504,2.9848,4.9027,-1.7943,-4.7393,-1.7943,0.302,1.9059,14.3434,0.58,1.1843,15.7346,-3.0812,-4.8451,67.3434
"320",8.1681,25.0229,4.8541,35.2525,8.4333,7.5914,8.4333,-9.9576,1.0975,10.7438,9.5702,10.2362,14.0452,-3.1799,-3.4176,30.1255
"321",7.9297,28.3728,-0.8006,3.9579,6.2776,7.7502,6.2776,-3.8629,1.1618,13.4332,2.851,1.535,9.8711,-2.6146,-2.8431,35.7848
"322",7.8661,24.5437,-2.2519,3.1918,0.8256,1.0965,0.8256,-0.6344,1.0643,11.6779,7.0041,6.8949,15.1641,-3.3656,-0.5371,2.2472
"323",5.2162,13.005,0.5225,0.3276,-2.3327,-8.6856,-2.3327,-2.8446,1.0676,10.3375,3.185,3.0364,8.5728,-2.0145,-1.1659,13.6945
"324",8.2532,21.9706,3.3895,18.7629,6.4093,5.9944,6.4093,-6.4327,1.8904,16.0018,1.8673,3.2247,19.4691,-3.0238,-3.3737,14.2268
"325",8.0259,19.2413,4.5253,27.3364,8.1546,10.6812,8.1546,-4.9697,1.8528,16.4703,6.5362,3.2911,19.2013,-2.9052,-3.5733,33.7304
"326",3.0572,7.5504,2.2263,-0.4123,6.1243,-1.5159,6.1243,-13.4077,1.9634,17.8797,5.7208,4.826,11.1733,-3.3467,-2.1188,-2.2447
"327",4.0097,12.4647,0.1156,5.2363,5.3787,8.056,5.3787,-3.5939,1.2929,15.7696,1.0776,5.7216,2.4051,0.3973,-4.7254,44.0273
"328",4.1227,4.571,-0.3278,-6.6244,3.9718,0.1373,3.9718,-8.4919,1.2842,12.5124,3.1987,-0.2881,16.9676,-2.8693,-4.585,58.3482
"329",9.2018,36.2995,0.8958,10.5892,9.0957,2.1206,9.0957,-16.8835,1.2702,15.9539,1.8067,3.7409,15.3898,-3.5746,-3.2395,37.0152
"330",7.0708,25.0366,-1.0543,-5.6134,-2.3832,-3.9893,-2.3832,1.0439,1.2599,14.9115,5.0291,2.0133,3.2038,-0.1018,-3.9353,42.7631
"331",1.1243,11.0947,4.1116,21.0179,4.1901,1.8167,4.1901,-5.937,1.481,20.3469,6.2949,5.8684,5.9746,-1.3172,-0.1786,6.7739
"332",8.7257,12.5883,-1.5792,2.7193,9.1668,9.6722,9.1668,-9.4686,1.7171,16.4291,3.6855,-0.4882,7.3864,-2.4867,1.9295,14.2152
"333",1.3541,-2.743,1.4002,5.8148,2.1513,2.2826,2.1513,-2.4959,1.2547,15.9613,9.2034,11.8363,14.5642,-3.0789,-2.3353,26.8018
"334",0.2357,2.3811,4.5411,21.8458,0.9389,2.5485,0.9389,0.8363,1.6745,17.9175,8.1881,6.4149,17.7008,-2.9747,-0.1613,6.3147
"335",3.2574,3.3682,3.7372,14.9556,2.5462,12.1876,2.5462,7.8002,1.7327,14.4965,8.4618,7.9425,5.2721,-1.4765,-3.6711,40.9362
"336",6.5714,10.9725,3.382,10.2563,9.3525,13.972,9.3525,-4.5556,1.1351,10.6232,9.627,10.8575,2.0389,0.7156,-2.2126,10.1877
"337",6.9346,27.6298,-2.7373,4.7707,-0.7478,-0.8825,-0.7478,1.4184,1.7113,14.6607,3.8207,2.3938,9.1651,-2.5063,-1.4231,6.9648
"338",7.6898,25.9661,2.9871,12.1315,3.8286,1.714,3.8286,-5.8806,1.0399,8.9028,6.7068,6.3867,11.1185,-3.6324,-4.8027,56.5858
"339",1.8534,-1.5302,0.9992,-1.1967,1.9098,4.789,1.9098,0.8042,1.191,12.5302,0.4648,4.2224,5.8861,-1.0272,-2.3314,19.438
"340",6.848,18.2938,0.2314,0.2485,7.4833,5.4837,7.4833,-9.016,1.2682,15.6627,8.1144,11.5456,14.2405,-3.3541,0.1585,10.952
"341",2.694,5.6142,3.9148,9.7363,8.3586,8.5819,8.3586,-8.3692,1.8668,16.5301,8.4156,6.5878,3.6092,-0.4153,-1.1305,15.4854
"342",1.22,6.0772,-1.8341,-8.1578,5.3117,4.8061,5.3117,-5.3181,1.7929,17.0526,6.0034,5.087,5.0239,-1.3522,-4.739,67.5164
"343",0.3549,-5.5162,0.1125,5.2929,4.5221,5.1995,4.5221,-4.26,1.773,16.76,8.5385,7.8039,1.4702,1.4103,-0.7378,-7.3357
"344",8.9172,19.6517,4.5206,18.9727,6.6602,5.7211,6.6602,-8.0833,1.0394,7.274,9.6758,11.7109,17.5011,-3.282,-1.1879,15.0037
"345",4.759,14.5275,2.6239,11.5734,7.2705,6.9909,7.2705,-7.2114,1.0755,9.7098,2.6098,1.9344,17.8832,-3.2231,-1.2519,2.0421
"346",5.0953,4.3779,-2.9091,1.867,4.6881,4.5616,4.6881,-4.429,1.8241,15.6408,2.7806,1.8049,16.1831,-3.1493,1.9017,6.0975
"347",2.6104,2.0708,4.3614,19.6856,2.454,6.7289,2.454,2.8186,1.4457,17.6481,5.6294,6.5033,7.6703,-2.3212,-2.8266,21.067
"348",9.5712,37.3689,1.3776,6.5092,8.1955,5.2883,8.1955,-10.5759,1.5854,16.7283,6.8467,4.1453,12.8285,-3.7741,-4.3882,67.0451
"349",7.0388,22.3664,2.3835,-2.0364,5.7072,0.0432,5.7072,-9.1931,1.3392,15.2298,1.9835,1.4244,2.3982,-0.223,-1.7944,17.8186
"350",0.9734,1.0006,3.1488,6.8276,0.8365,3.7907,0.8365,1.2152,1.4625,17.0502,0.7711,-1.8408,18.9064,-2.3864,0.1129,6.4938
"351",4.7454,3.7907,4.6335,29.4216,6.038,3.2481,6.038,-8.8056,1.4932,16.0838,0.5648,0.6223,8.433,-3.1065,-0.838,-3.9253
"352",3.6436,9.4042,-1.6083,-4.7391,0.7064,1.9067,0.7064,-0.9663,1.3373,14.983,6.6137,5.1907,8.3236,-2.4221,-1.0084,-4.4346
"353",2.8337,17.2515,3.3909,12.1965,6.9509,8.1655,6.9509,-5.4818,1.6532,14.7376,4.2947,2.798,7.8871,-2.1813,-4.7669,57.1863
"354",5.2366,12.694,4.1808,20.7596,3.8372,4.0931,3.8372,-4.3478,1.3577,15.2175,4.9547,6.9194,11.7422,-3.0428,-3.5275,22.8049
"355",9.216,29.9145,-1.8665,-2.2608,9.575,3.8172,9.575,-16.2404,1.952,16.7148,7.2066,4.1865,2.8392,0.2067,-0.5501,-3.0219
"356",7.5872,21.4087,1.7504,5.2028,-1.9324,-1.7696,-1.9324,2.6609,1.6256,20.2208,5.6723,7.0456,10.1767,-2.4131,-4.0888,66.3508
"357",8.9032,25.9418,4.6497,23.9166,4.1685,4.5321,4.1685,-3.3878,1.3057,13.1603,1.0659,2.0801,11.461,-3.3175,-1.4346,17.4285
"358",4.6426,10.3429,-1.8905,-4.7999,3.5941,7.6732,3.5941,-0.254,1.2095,13.5803,6.568,5.2102,1.7341,0.1898,-0.9033,6.0524
"359",0.1226,-9.6768,1.1989,5.4095,5.2678,7.7325,5.2678,-5.3236,1.2419,14.5779,5.8049,6.6121,4.5393,-0.6903,-3.0492,38.8446
"360",9.7005,21.8985,1.3451,4.8537,9.3475,13.0971,9.3475,-3.7849,1.7428,16.5246,6.0556,5.6222,6.646,-1.4165,-3.5025,29.1715
"361",7.1881,16.8966,2.2369,2.7423,5.8453,7.8644,5.8453,-4.4612,1.5838,17.4102,9.8705,16.587,16.4517,-2.8919,-1.0631,0.7484
"362",5.5939,13.8259,3.4475,11.9885,5.058,6.5156,5.058,-4.5477,1.6133,15.5451,5.5779,2.9726,14.227,-3.1974,0.4889,-9.4919
"363",8.1505,15.025,2.6307,8.6994,1.1126,1.855,1.1126,1.4264,1.4954,13.9038,3.9785,1.2956,15.1663,-3.3603,0.1938,0.8388
"364",1.0383,-10.5254,-2.3975,-3.741,3.1396,1.9674,3.1396,-3.6104,1.1174,9.9893,3.4303,1.3,12.9927,-2.5893,0.329,6.1106
"365",4.499,9.9821,3.1846,6.5429,-0.8642,0.873,-0.8642,3.9593,1.2813,15.0551,6.8508,4.7674,13.0368,-3.5906,-3.4779,28.4836
"366",3.7024,3.1318,3.5174,19.3755,2.6832,8.3144,2.6832,3.3464,1.4762,15.9382,6.4087,8.258,12.2135,-3.4482,-2.329,13.0494
"367",6.033,17.9941,-1.6386,7.9853,-2.8514,-4.3261,-2.8514,1.4838,1.499,16.14,5.4397,2.1989,8.2081,-2.3474,0.8931,-2.604
"368",3.9501,2.7624,-2.2388,-4.8353,2.3834,4.1258,2.3834,-2.1471,1.715,15.6605,9.7591,13.3362,14.6255,-2.8037,-0.9189,5.9323
"369",8.3786,30.2269,-0.5903,5.1759,1.8616,2.1689,1.8616,0.2309,1.2409,14.7989,9.2113,12.1381,19.2603,-2.8349,-4.1388,61.3145
"370",7.7328,19.4881,-0.8042,-2.2713,3.7039,6.1146,3.7039,-0.2837,1.3636,15.6046,0.9758,3.2903,11.4568,-3.1981,-0.6503,-7.7591
"371",9.662,29.4766,-1.0095,-7.2305,9.034,6.6475,9.034,-12.2353,1.7786,17.3563,4.3989,5.3048,15.2229,-3.154,-2.0172,2.7728
"372",6.7728,20.9507,2.5975,-1.9862,8.2107,8.5237,8.2107,-7.5382,1.5408,19.4061,3.9366,3.0119,19.5934,-3.0911,-4.7201,72.2245
"373",2.1018,17.4625,3.413,13.1296,6.1745,0.0705,6.1745,-12.3733,1.791,16.121,9.8337,12.9936,13.7142,-3.9513,0.366,14.7939
"374",8.8397,27.1788,-1.4619,4.07,9.714,9.7982,9.714,-9.0561,1.9724,15.7248,4.1864,1.0211,8.2427,-1.8834,-0.8051,2.7967
"375",0.5249,7.3939,3.8611,10.1426,-0.2886,2.1124,-0.2886,1.7206,1.8306,15.8176,9.4921,16.5826,12.2372,-3.0318,-1.9277,10.945
"376",9.0981,25.1881,2.9813,11.1047,7.2299,2.9565,7.2299,-11.262,1.0394,10.7351,0.7316,5.7429,15.7285,-2.9948,-4.8339,70.9541
"377",1.0199,8.9083,4.5322,27.3912,9.8106,7.7736,9.8106,-13.36,1.3051,14.8803,3.5589,4.4214,11.4443,-3.3215,-2.7355,43.3291
"378",0.3959,-0.6849,-1.2454,-4.1397,1.8216,4.1672,1.8216,-0.4119,1.9939,15.0612,8.9905,12.0394,6.6133,-1.5182,-3.9737,44.5429
"379",9.66,26.2931,-0.2401,0.3703,6.9293,4.8146,6.9293,-7.4084,1.0732,9.1813,2.082,5.1964,6.1892,-1.9171,0.4662,6.8675
"380",4.6292,9.2449,3.3807,15.2269,8.0059,5.5637,8.0059,-11.3848,1.5142,17.1431,8.8865,12.1123,8.0927,-2.6704,1.9133,5.3344
"381",7.5313,20.8053,3.5416,13.7054,7.1432,7.4902,7.1432,-8.3334,1.0999,12.4804,7.8309,8.3207,17.2859,-3.5864,-1.8249,16.9878
"382",6.7149,11.9009,-1.1306,5.8734,9.7062,10.3149,9.7062,-9.1719,1.8734,15.175,1.0468,3.0994,16.0796,-2.9065,-0.8789,4.7637
"383",6.2018,10.2291,-1.2366,1.9281,2.3168,9.2194,2.3168,4.7783,1.0466,9.8965,7.8877,8.2105,17.6268,-3.0486,0.0926,0.5015
"384",7.0622,8.3622,2.3312,8.2964,1.7994,1.9015,1.7994,-0.7812,1.3097,14.9713,5.9087,1.2907,1.3572,0.9869,-0.3389,10.3067
"385",5.5526,3.4421,-2.7732,2.7728,1.0331,9.2883,1.0331,7.0043,1.9491,17.3715,4.9956,4.7054,10.233,-3.0915,-2.9165,28.0682
"386",4.6607,8.9111,3.3659,3.6808,3.1132,4.0222,3.1132,-2.0198,1.4503,15.4621,4.3594,-0.7389,18.5589,-2.6497,-4.477,63.9089
"387",5.6796,17.8177,1.9102,9.5562,1.0103,4.8278,1.0103,2.0594,1.9954,15.6159,0.5793,1.7908,15.865,-3.0235,0.5455,-1.8733
"388",5.4744,11.7824,3.8934,18.8937,8.6591,12.1199,8.6591,-2.6183,1.1157,11.0169,0.0701,3.1748,10.8539,-2.9579,-3.2887,24.8477
"389",3.4304,-0.8251,3.6326,14.3833,8.4819,3.8573,8.4819,-14.1536,1.2014,12.3191,2.0588,5.2269,11.0602,-3.5281,-2.3177,4.3134
"390",1.3017,3.4792,-2.2514,0.8279,9.0466,9.0082,9.0466,-9.2905,1.6746,16.9237,9.3071,9.7743,8.1027,-2.1897,-4.9977,72.9012
"391",9.8775,22.3619,-0.3915,-6.5774,-2.4938,-12.7176,-2.4938,-7.6164,1.903,15.488,9.5016,10.5553,12.3969,-3.5488,1.2244,9.1941
"392",1.1676,3.5426,-0.0923,0.3073,7.485,7.3884,7.485,-6.5003,1.0055,9.6661,7.0991,9.6166,11.733,-3.2661,1.4923,19.5603
"393",4.9954,12.9376,2.3789,13.0522,9.005,7.1554,9.005,-12.7458,1.4899,16.0766,3.3538,3.2963,17.0907,-2.4348,-0.8305,-7.4411
"394",8,30.9611,-0.3136,-0.6692,9.1638,9.8859,9.1638,-8.7235,1.7529,15.6178,7.4754,6.5228,6.2024,-1.6521,-2.5602,29.3033
"395",3.0876,10.7564,1.9279,5.9804,-2.2521,-4.0154,-2.2521,0.9638,1.7561,15.0802,6.9336,8.9576,15.0959,-3.2942,0.511,-1.1401
"396",1.7366,1.0591,4.3594,17.1148,1.0836,2.6379,1.0836,1.5129,1.7013,17.6808,1.159,-0.3329,9.6457,-2.7203,-1.2681,17.7548
"397",9.0658,22.2511,-2.2512,1.1109,7.2162,-2.2477,7.2162,-17.2352,1.0966,11.1894,6.5281,1.6458,4.6165,-0.7576,1.7567,12.0582
"398",5.0679,17.6453,0.6778,8.8485,-1.1764,-1.5354,-1.1764,-0.1586,1.5728,16.4821,3.7217,1.0652,1.4071,0.6148,-2.194,8.1044
"399",1.1634,-0.8595,2.5306,5.2813,8.2411,-0.9574,8.2411,-17.0096,1.8971,14.35,7.7547,6.4763,18.6403,-2.9402,1.9612,-1.5032
"400",2.1832,-0.6498,2.6885,6.5298,0.5662,-2.055,0.5662,-2.2294,1.8981,16.0824,7.5935,7.166,16.1117,-3.3392,-3.8951,52.0021
"401",5.0958,13.3906,1.0415,0.0106,-2.401,-4.395,-2.401,1.0238,1.8065,16.2751,5.0424,3.3178,15.6821,-3.4583,1.0048,-1.2104
"402",0.1382,5.6309,2.1985,12.5547,6.9526,5.3698,6.9526,-8.4328,1.8989,15.9412,3.5694,5.4792,16.436,-3.1627,-1.845,6.8467
"403",3.5715,6.9896,2.1893,2.5835,6.3622,4.0952,6.3622,-8.096,1.8972,14.152,4.6761,0.7675,10.0227,-2.639,0.1823,9.1377
"404",8.3497,24.5946,1.1791,6.3105,3.7159,2.5181,3.7159,-4.4016,1.8035,18.795,3.271,-1.616,18.774,-3.0996,-2.5993,26.3854
"405",0.1667,-2.7227,-1.1189,-1.9868,-0.6421,3.1762,-0.6421,2.5927,1.159,13.3679,2.5184,0.9325,8.8967,-3.1864,-2.2564,1.1776
"406",3.2077,11.4864,4.7085,24.8256,2.6446,4.7968,2.6446,1.0806,1.2514,11.5811,5.8848,4.7557,5.7743,-1.1162,0.6721,-9.6906
"407",2.6542,6.0497,1.3701,10.4788,5.7198,4.6297,5.7198,-6.8148,1.532,17.0214,9.6481,12.7773,9.8439,-2.7116,-1.7037,20.1475
"408",9.1001,38.2185,0.1114,-4.8759,2.263,9.2543,2.263,2.5222,1.031,8.8497,0.6717,0.3777,14.9965,-3.6797,-1.2827,17.3504
"409",8.3623,25.4283,0.9375,8.3643,9.5817,11.192,9.5817,-7.4197,1.1049,10.0223,1.3491,0.8954,9.1985,-2.9793,-3.3707,28.0267
"410",6.6306,20.8354,0.1388,0.4246,3.3102,0.7398,3.3102,-5.5249,1.5065,19.7735,5.3719,4.0095,4.7576,-0.8542,-2.1352,4.5712
"411",6.1176,26.0201,1.9261,4.2267,6.4695,4.6598,6.4695,-9.2465,1.523,15.4417,8.1353,9.7143,2.5882,0.198,-3.6402,37.6567
"412",9.1138,22.1865,1.4597,1.3024,2.7016,9.1722,2.7016,4.0692,1.1137,10.9363,7.3288,14.5534,14.3427,-3.2274,-4.7122,55.2444
"413",4.0807,2.2253,2.857,-0.186,1.4462,8.0437,1.4462,4.3143,1.7577,16.1017,6.7697,5.6168,18.8664,-2.5082,-0.8742,-9.7118
"414",0.0308,6.4064,-0.7755,-2.3372,-2.9313,-3.1377,-2.9313,3.1645,1.0276,9.6144,1.2726,0.5587,4.6692,-0.5319,-2.6721,27.4797
"415",3.0716,-3.99,-2.8759,5.9981,6.0369,1.3965,6.0369,-10.9308,1.2081,14.0699,9.3273,14.3052,14.227,-3.264,1.9876,13.4992
"416",7.355,14.9651,1.8136,-2.9074,7.0677,2.1074,7.0677,-14.3746,1.2401,13.2759,6.9929,6.639,10.634,-2.866,-2.358,17.4317
"417",1.5939,5.1648,-1.5706,0.5459,3.9855,4.0875,3.9855,-2.379,1.35,14.6559,7.3975,4.9634,4.2603,-0.3586,-0.1085,9.2478
"418",9.2152,27.5732,1.6233,11.6516,-2.5029,-8.3494,-2.5029,-3.6878,1.2955,16.2102,9.7414,16.6532,11.1289,-2.7781,1.9788,12.7235
"419",4.2164,7.6865,2.0215,0.1296,1.6855,10.5234,1.6855,7.5736,1.6638,16.9432,6.2421,7.2407,16.6382,-3.3878,-0.1933,12.9743
"420",6.6346,14.4723,2.6111,4.5285,5.6917,3.6717,5.6917,-7.0794,1.0869,12.5359,1.7564,1.2636,16.9779,-3.274,-4.5614,72.8786
"421",6.918,24.8097,-0.2978,4.9606,7.5628,4.8504,7.5628,-10.1601,1.3798,17.946,7.5501,7.7711,13.0143,-3.3851,-2.5922,29.6733
"422",4.9522,15.5964,1.3763,8.1179,-2.8436,-3.4383,-2.8436,0.5571,1.0131,9.317,8.7511,10.5316,15.501,-3.2676,-0.5627,0.001
"423",5.6455,2.6013,-0.1712,2.2849,-2.108,-3.3283,-2.108,0.9606,1.2459,14.926,8.7677,10.461,9.1099,-2.3762,1.8884,8.8674
"424",1.972,2.865,4.0438,16.9407,-0.5966,-0.1412,-0.5966,1.6967,1.3003,14.7659,6.9097,2.5872,9.172,-1.8222,0.8154,6.1872
"425",6.3771,13.2356,-1.3203,-9.392,1.8658,3.1799,1.8658,-0.5474,1.2793,14.3104,0.8925,-1.2062,12.4854,-3.0982,-4.3171,63.6221
"426",1.0877,3.1309,3.6275,9.6285,-1.3369,-7.3555,-1.3369,-4.5281,1.6906,16.8336,7.3805,8.7932,19.2995,-3.0941,-2.6418,23.6338
"427",8.0014,28.1246,-2.3404,0.2496,3.5546,10.6723,3.5546,5.2098,1.0486,9.6582,6.077,8.2338,2.4623,-0.0456,1.5052,12.1392
"428",4.8749,20.6945,-1.5477,-6.1828,7.697,10.3936,7.697,-3.4238,1.4323,15.3804,5.5392,4.971,15.0483,-3.6676,-0.9038,2.2354
"429",2.9868,9.1907,-2.678,-0.0784,4.3459,4.3569,4.3459,-3.388,1.2185,14.0781,5.858,5.6966,10.7447,-2.5482,-3.7649,37.5686
"430",9.9376,34.8043,-2.1484,0.5283,2.4783,3.9238,2.4783,-0.7381,1.2983,15.2855,6.2415,4.2538,18.0967,-3.1057,-3.2618,32.7538
"431",4.11,15.0268,3.5094,18.7557,5.2384,4.2944,5.2384,-6.6339,1.3274,15.6845,5.301,6.3566,2.9696,0.1385,-4.0013,54.6208
"432",1.4388,2.4119,4.6391,18.6341,7.8388,6.3543,7.8388,-10.8371,1.3623,15.0056,4.7544,7.056,13.1777,-3.3481,-3.1131,30.8586
"433",9.3487,33.4578,2.5988,1.3662,1.2647,1.8878,1.2647,-1.2018,1.0895,9.3677,5.3528,1.0277,1.1256,0.9895,-2.4472,19.1069
"434",6.6503,17.9972,1.8683,1.5349,2.788,6.8948,2.788,2.1317,1.0526,10.9664,1.9349,-1.163,13.396,-3.0138,1.0083,6.3192
"435",5.5067,3.8254,-1.8015,-7.4131,8.5876,9.9934,8.5876,-7.2003,1.2176,13.1313,4.8944,1.8332,4.0997,-0.4266,-1.4106,3.6305
"436",8.8952,31.4651,2.7204,4.7244,3.6649,8.7699,3.6649,1.6939,1.3017,13.8068,2.2178,4.2201,14.8074,-3.4741,-4.1799,53.11
"437",0.6258,-3.931,2.2682,5.1108,4.2607,0.7564,4.2607,-7.055,1.2409,13.4627,5.9463,1.8104,5.6692,-1.1185,-4.1425,71.8293
"438",7.0889,24.4369,-0.8024,-0.304,0.3549,-0.2107,0.3549,0.9462,1.8956,14.319,1.0371,-0.1735,17.8843,-3.0209,0.1303,2.1263
"439",4.1253,12.1515,4.2965,8.5316,-2.5365,-5.6009,-2.5365,-2.7919,1.8081,15.884,6.1319,6.4946,6.4498,-2.4306,1.2966,5.1198
"440",0.8491,5.3954,-1.3666,-1.5214,-0.8228,-4.8228,-0.8228,-2.6013,1.5632,18.1235,3.3711,2.7062,4.581,-0.6738,-3.7286,37.3829
"441",5.7322,8.692,2.6249,0.4686,9.4473,10.2281,9.4473,-8.2678,1.8856,16.6753,8.3357,5.4019,18.0872,-2.8445,-4.4897,57.9645
"442",1.5025,-2.4991,2.8635,12.1789,1.4921,1.1217,1.4921,-2.262,1.7268,16.3319,3.0818,2.9674,12.4403,-3.6333,-4.0774,46.1819
"443",0.5739,2.9942,0.6227,6.1315,2.0633,3.8478,2.0633,0.3143,1.3023,17.7465,4.9203,5.2049,14.0136,-3.5399,0.4604,0.1979
"444",8.74,30.7855,-2.8041,-5.0802,7.7653,5.5394,7.7653,-7.867,1.8896,18.9636,8.4304,9.5397,19.8224,-2.8037,-2.1148,3.971
"445",5.3069,11.0854,-0.1673,-1.5496,-0.0538,-2.1091,-0.0538,-0.9799,1.838,15.4899,5.3,5.9444,10.0455,-3.6252,-0.1508,11.5881
"446",6.218,24.4734,-1.4486,5.0559,-2.1552,-2.7325,-2.1552,1.1951,1.5387,19.0169,3.0089,4.1284,17.5297,-2.9488,1.2613,9.1355
"447",0.8839,-1.1062,-2.8226,-0.7261,6.5526,0.27,6.5526,-12.8222,1.6604,17.4877,9.6641,15.964,17.6711,-3.0663,0.5183,1.3903
"448",4.7448,5.375,-2.2992,-13.7931,-2.4903,-6.3691,-2.4903,-1.2405,1.1059,11.391,8.3285,7.9528,2.1831,0.8902,-1.5672,10.4868
"449",7.216,15.8513,-0.1585,-4.2259,1.2097,3.7616,1.2097,2.6631,1.1943,13.023,5.5588,4.1345,12.824,-3.3907,-4.4654,62.6338
"450",0.583,0.0567,3.1039,9.2836,0.1963,-0.8148,0.1963,0.452,1.8156,16.1231,9.2691,11.6284,11.0993,-2.8558,0.5286,-1.4108
"451",2.5663,6.3801,3.1825,15.5146,4.1474,6.2996,4.1474,-1.8218,1.6718,17.123,6.0519,4.6503,15.8888,-3.5716,1.283,16.8001
"452",9.0362,21.065,3.9398,23.0275,0.8241,3.903,0.8241,2.781,1.7836,16.875,6.1152,7.7693,19.1663,-2.7642,-4.917,61.9833
"453",9.447,29.9638,1.1512,2.6879,6.9702,1.4006,6.9702,-11.4261,1.9845,15.6968,5.6914,1.2669,8.163,-2.4982,-4.3532,52.5839
"454",3.7289,6.7716,-1.5192,4.7951,5.622,6.2027,5.622,-3.5303,1.3563,14.9399,8.686,11.9403,10.431,-3.276,1.0328,3.9587
"455",6.2126,14.9081,0.6478,2.2085,7.0518,3.66,7.0518,-9.4559,1.338,13.3372,7.9844,7.6806,10.7694,-2.9406,-3.4613,30.4259
"456",4.6353,9.9313,-2.505,5.3389,5.0731,3.2338,5.0731,-8.8583,1.046,9.0122,8.661,7.9993,1.2879,0.654,-2.4891,17.0109
"457",4.7757,9.7716,-0.4124,1.3686,1.2917,0.8595,1.2917,-2.0471,1.8418,18.5638,4.9146,2.4145,14.7274,-3.3087,-2.7109,33.2877
"458",9.9132,40.8024,0.794,7.1451,7.7892,6.2951,7.7892,-8.9472,1.5231,17.043,1.9122,2.7489,3.1574,-0.2754,1.9887,6.0756
"459",6.4765,18.0627,0.7144,1.7802,3.0087,3.354,3.0087,-3.4018,1.9077,17.9359,2.9369,5.5189,14.0066,-3.2949,-2.4316,18.4788
"460",9.7331,26.7222,0.1402,2.188,-2.5635,-2.7579,-2.5635,3.4933,1.1749,15.031,9.5017,11.2735,3.1733,-0.3477,-1.7812,3.2891
"461",1.4672,0.254,-2.2363,4.4151,3.5203,3.0529,3.5203,-4.636,1.9181,17.6765,9.8231,11.8982,15.3044,-3.339,-3.8293,46.6125
"462",7.715,15.531,-0.201,4.1962,8.9769,5.8662,8.9769,-11.5889,1.2938,15.5099,9.3739,13.0408,11.852,-3.5403,-2.4715,19.9124
"463",7.8932,25.7566,2.3484,7.3537,7.0247,8.1692,7.0247,-5.4363,1.4697,16.0128,0.5787,2.0522,11.522,-3.383,-0.2942,0.3082
"464",4.3278,11.4163,0.5582,-0.3013,0.7309,2.768,0.7309,0.7418,1.4766,15.0933,2.8391,0.0761,6.066,-1.3718,-1.9826,2.9852
"465",2.6034,8.419,-1.8323,7.2025,8.9477,16.4359,8.9477,-2.4518,1.6973,17.4039,2.1714,2.7559,17.7928,-3.1099,-4.3677,68.0839
"466",7.7624,13.7932,1.9575,0.6851,6.9475,5.049,6.9475,-7.1413,1.0566,9.6481,7.6571,5.2007,3.9307,-0.4245,-0.0246,5.1058
"467",7.6066,26.3182,-1.8934,12.7889,3.3099,7.8226,3.3099,1.4227,1.6525,15.6113,6.4106,5.9954,9.4352,-3.2736,-1.9885,-4.2704
"468",3.0361,7.059,4.7333,27.4623,8.0532,6.3712,8.0532,-10.6662,1.1489,13.2886,1.2523,2.7211,11.8711,-3.3942,0.0747,7.461
"469",9.6317,26.2583,-0.8141,0.0712,-1.5066,-4.6059,-1.5066,-1.5125,1.8839,15.8238,9.0529,10.7613,1.3158,1.0753,-4.263,67.311
"470",2.9631,8.1748,1.9494,10.5282,3.7867,7.8037,3.7867,0.9516,1.6329,18.9584,5.9212,3.2579,19.4737,-2.6337,-3.577,31.5465
"471",1.9203,4.4119,3.2343,14.3343,-2.195,-5.4131,-2.195,-0.6563,1.9683,16.9164,4.1293,4.9237,2.2396,0.7374,1.199,12.9578
"472",2.8963,-3.9519,3.1509,17.0571,6.3078,-1.317,6.3078,-14.8213,1.9248,15.2043,9.2891,9.9757,13.1548,-3.3597,1.1781,6.7782
"473",1.8442,-1.7667,2.2141,9.9301,9.1193,8.8008,9.1193,-9.1542,1.8716,18.8619,0.535,-3.0287,14.6233,-3.0592,-3.9756,45.5884
"474",5.0403,15.6018,0.6927,-3.8519,6.4114,5.838,6.4114,-7.6517,1.6233,16.6699,5.587,3.9801,8.5974,-2.8751,-2.878,30.8319
"475",1.1894,3.4163,3.289,5.954,-2.7253,-8.7468,-2.7253,-3.5391,1.5627,18.1672,6.3514,5.8944,17.9303,-2.7723,-1.0217,9.686
"476",3.5564,8.7151,4.1346,14.5004,0.9257,4.5664,0.9257,3.5204,1.7278,16.1419,0.9482,1.6798,15.8652,-2.8618,-0.7794,-12.0137
"477",6.2728,18.2993,3.5422,6.9877,7.1167,2.8794,7.1167,-11.4675,1.2194,12.536,0.9834,0.7126,15.6251,-3.2567,0.2671,9.0103
"478",2.2028,6.2215,-2.4521,5.75,2.4781,8.2371,2.4781,3.3897,1.4883,15.8992,3.9929,2.8859,10.7671,-3.3662,-4.0654,56.4815
"479",4.3058,3.4802,1.1312,4.255,7.9032,3.8166,7.9032,-12.6255,1.2245,15.1743,5.0498,5.9006,9.3568,-3.1087,-2.0618,8.6972
"480",3.0272,8.078,4.1764,14.8463,8.7529,8.0021,8.7529,-9.1585,1.6569,17.9101,5.6402,8.1883,2.8108,-0.2439,-3.6136,42.645
"481",8.8335,26.5739,0.0193,7.8098,-0.3671,6.4043,-0.3671,6.2158,1.4238,16.0227,2.6684,-1.4279,2.0967,0.6849,-1.9681,1.3801
"482",2.389,-1.8853,1.2678,0.9652,1.6751,8.0715,1.6751,4.5286,1.2105,15.114,3.8167,-1.2614,12.4351,-3.34,-1.2373,11.6971
"483",5.3864,19.8968,-2.9529,1.9277,-1.0401,-6.7884,-1.0401,-3.9824,1.9061,17.3769,3.4597,-0.427,16.0774,-3.1937,-0.2209,4.8765
"484",9.271,34.3121,4.3734,28.0995,9.4238,5.0635,9.4238,-11.861,1.0737,10.3184,1.1829,4.8846,15.665,-3.1179,-2.2658,11.7646
"485",6.6559,16.4782,2.0862,4.1142,-2.8839,-6.0406,-2.8839,0.5796,1.564,17.2143,6.7362,3.31,19.1723,-2.7196,-0.4099,-0.2503
"486",2.5512,1.3429,0.2244,-4.2324,-0.0389,-2.0426,-0.0389,-2.6723,1.598,17.3589,9.2232,7.316,13.6484,-3.3376,-1.8076,5.7534
"487",5.2497,9.8851,-0.7124,-0.0532,0.208,2.3377,0.208,1.9907,1.2454,15.1756,2.3379,1.5201,8.2057,-2.0169,-3.2522,39.7674
"488",6.4591,13.2187,-0.0228,8.9194,3.0725,1.0731,3.0725,-3.1929,1.6082,18.3193,8.8216,12.6218,14.5655,-3.165,-3.0348,32.8058
"489",9.0934,24.4423,-0.0943,-0.467,4.94,1.5574,4.94,-7.4153,1.1225,11.8972,7.0349,3.6701,2.5204,0.3112,1.7602,2.2758
"490",1.3627,4.0203,0.7754,7.208,-1.7603,-6.4622,-1.7603,-1.709,1.066,12.6835,0.9848,1.1404,6.6357,-1.3233,-4.2587,45.9709
"491",8.9034,33.9299,1.9028,-1.905,8.2888,8.8404,8.2888,-7.2533,1.4837,18.1561,3.7761,0.236,7.7293,-1.9238,-1.2159,4.3225
"492",7.2189,16.8196,-2.684,-1.7888,-0.7954,-1.4459,-0.7954,-0.5143,1.5522,17.8791,0.9192,1.0785,13.5423,-3.6101,-1.1281,7.6982
"493",4.6285,9.4239,-0.7044,1.0968,4.0994,7.0935,4.0994,-2.3461,1.5897,17.0291,1.1951,1.5414,16.9945,-2.9196,-0.4261,-13.3666
"494",7.8181,25.5281,4.9653,28.3869,9.2034,6.5859,9.2034,-11.9272,1.2454,13.1114,7.8311,7.7803,18.9405,-2.4178,-2.3687,10.6172
"495",6.728,16.0547,-2.2806,5.5444,2.1585,7.2093,2.1585,2.7826,1.6137,15.0046,1.3358,0.4665,6.8228,-1.462,0.497,1.2824
"496",3.9581,10.0011,1.6715,-6.9007,-1.1834,1.4184,-1.1834,2.9207,1.4235,18.098,2.7932,2.0494,14.6707,-2.9949,-4.7862,61.9327
"497",2.4596,11.2727,-0.3975,11.2466,7.7247,8.3668,7.7247,-8.8046,1.4643,13.4149,9.531,14.107,14.9515,-3.7187,-4.5672,69.3121
"498",7.4313,27.587,3.5711,10.4037,9.2382,10.8121,9.2382,-6.7536,1.8416,17.1484,6.5307,4.9449,19.0185,-2.6926,-1.1718,0.2141
"499",3.3482,7.7376,3.5573,18.8981,-1.8033,-7.8413,-1.8033,-4.3599,1.6467,14.2673,1.0244,3.0398,19.5115,-3.188,-2.8964,37.0928
"500",5.6002,21.5652,4.7914,26.6561,0.0219,4.5339,0.0219,3.5126,1.1208,9.8817,5.6795,6.7839,12.8981,-3.0027,-1.0428,9.8602
